date,time,province,confirmed,released,deceased
2020-01-20,16,Seoul,0,0,0
2020-01-20,16,Busan,0,0,0
2020-01-20,16,Daegu,0,0,0
2020-01-20,16,Incheon,1,0,0
2020-01-20,16,Gwangju,0,0,0
2020-01-20,16,Daejeon,0,0,0
2020-01-20,16,Ulsan,0,0,0
2020-01-20,16,Sejong,0,0,0
2020-01-20,16,Gyeonggi-do,0,0,0
2020-01-20,16,Gangwon-do,0,0,0
2020-01-20,16,Chungcheongbuk-do,0,0,0
2020-01-20,16,Chungcheongnam-do,0,0,0
2020-01-20,16,Jeollabuk-do,0,0,0
2020-01-20,16,Jeollanam-do,0,0,0
2020-01-20,16,Gyeongsangbuk-do,0,0,0
2020-01-20,16,Gyeongsangnam-do,0,0,0
2020-01-20,16,Jeju-do,0,0,0
2020-01-21,16,Seoul,0,0,0
2020-01-21,16,Busan,0,0,0
2020-01-21,16,Daegu,0,0,0
2020-01-21,16,Incheon,1,0,0
2020-01-21,16,Gwangju,0,0,0
2020-01-21,16,Daejeon,0,0,0
2020-01-21,16,Ulsan,0,0,0
2020-01-21,16,Sejong,0,0,0
2020-01-21,16,Gyeonggi-do,0,0,0
2020-01-21,16,Gangwon-do,0,0,0
2020-01-21,16,Chungcheongbuk-do,0,0,0
2020-01-21,16,Chungcheongnam-do,0,0,0
2020-01-21,16,Jeollabuk-do,0,0,0
2020-01-21,16,Jeollanam-do,0,0,0
2020-01-21,16,Gyeongsangbuk-do,0,0,0
2020-01-21,16,Gyeongsangnam-do,0,0,0
2020-01-21,16,Jeju-do,0,0,0
2020-01-22,16,Seoul,0,0,0
2020-01-22,16,Busan,0,0,0
2020-01-22,16,Daegu,0,0,0
2020-01-22,16,Incheon,1,0,0
2020-01-22,16,Gwangju,0,0,0
2020-01-22,16,Daejeon,0,0,0
2020-01-22,16,Ulsan,0,0,0
2020-01-22,16,Sejong,0,0,0
2020-01-22,16,Gyeonggi-do,0,0,0
2020-01-22,16,Gangwon-do,0,0,0
2020-01-22,16,Chungcheongbuk-do,0,0,0
2020-01-22,16,Chungcheongnam-do,0,0,0
2020-01-22,16,Jeollabuk-do,0,0,0
2020-01-22,16,Jeollanam-do,0,0,0
2020-01-22,16,Gyeongsangbuk-do,0,0,0
2020-01-22,16,Gyeongsangnam-do,0,0,0
2020-01-22,16,Jeju-do,0,0,0
2020-01-23,16,Seoul,0,0,0
2020-01-23,16,Busan,0,0,0
2020-01-23,16,Daegu,0,0,0
2020-01-23,16,Incheon,1,0,0
2020-01-23,16,Gwangju,0,0,0
2020-01-23,16,Daejeon,0,0,0
2020-01-23,16,Ulsan,0,0,0
2020-01-23,16,Sejong,0,0,0
2020-01-23,16,Gyeonggi-do,0,0,0
2020-01-23,16,Gangwon-do,0,0,0
2020-01-23,16,Chungcheongbuk-do,0,0,0
2020-01-23,16,Chungcheongnam-do,0,0,0
2020-01-23,16,Jeollabuk-do,0,0,0
2020-01-23,16,Jeollanam-do,0,0,0
2020-01-23,16,Gyeongsangbuk-do,0,0,0
2020-01-23,16,Gyeongsangnam-do,0,0,0
2020-01-23,16,Jeju-do,0,0,0
2020-01-24,16,Seoul,0,0,0
2020-01-24,16,Busan,0,0,0
2020-01-24,16,Daegu,0,0,0
2020-01-24,16,Incheon,1,0,0
2020-01-24,16,Gwangju,0,0,0
2020-01-24,16,Daejeon,0,0,0
2020-01-24,16,Ulsan,0,0,0
2020-01-24,16,Sejong,0,0,0
2020-01-24,16,Gyeonggi-do,1,0,0
2020-01-24,16,Gangwon-do,0,0,0
2020-01-24,16,Chungcheongbuk-do,0,0,0
2020-01-24,16,Chungcheongnam-do,0,0,0
2020-01-24,16,Jeollabuk-do,0,0,0
2020-01-24,16,Jeollanam-do,0,0,0
2020-01-24,16,Gyeongsangbuk-do,0,0,0
2020-01-24,16,Gyeongsangnam-do,0,0,0
2020-01-24,16,Jeju-do,0,0,0
2020-01-25,16,Seoul,0,0,0
2020-01-25,16,Busan,0,0,0
2020-01-25,16,Daegu,0,0,0
2020-01-25,16,Incheon,1,0,0
2020-01-25,16,Gwangju,0,0,0
2020-01-25,16,Daejeon,0,0,0
2020-01-25,16,Ulsan,0,0,0
2020-01-25,16,Sejong,0,0,0
2020-01-25,16,Gyeonggi-do,1,0,0
2020-01-25,16,Gangwon-do,0,0,0
2020-01-25,16,Chungcheongbuk-do,0,0,0
2020-01-25,16,Chungcheongnam-do,0,0,0
2020-01-25,16,Jeollabuk-do,0,0,0
2020-01-25,16,Jeollanam-do,0,0,0
2020-01-25,16,Gyeongsangbuk-do,0,0,0
2020-01-25,16,Gyeongsangnam-do,0,0,0
2020-01-25,16,Jeju-do,0,0,0
2020-01-26,16,Seoul,0,0,0
2020-01-26,16,Busan,0,0,0
2020-01-26,16,Daegu,0,0,0
2020-01-26,16,Incheon,1,0,0
2020-01-26,16,Gwangju,0,0,0
2020-01-26,16,Daejeon,0,0,0
2020-01-26,16,Ulsan,0,0,0
2020-01-26,16,Sejong,0,0,0
2020-01-26,16,Gyeonggi-do,2,0,0
2020-01-26,16,Gangwon-do,0,0,0
2020-01-26,16,Chungcheongbuk-do,0,0,0
2020-01-26,16,Chungcheongnam-do,0,0,0
2020-01-26,16,Jeollabuk-do,0,0,0
2020-01-26,16,Jeollanam-do,0,0,0
2020-01-26,16,Gyeongsangbuk-do,0,0,0
2020-01-26,16,Gyeongsangnam-do,0,0,0
2020-01-26,16,Jeju-do,0,0,0
2020-01-27,16,Seoul,1,0,0
2020-01-27,16,Busan,0,0,0
2020-01-27,16,Daegu,0,0,0
2020-01-27,16,Incheon,1,0,0
2020-01-27,16,Gwangju,0,0,0
2020-01-27,16,Daejeon,0,0,0
2020-01-27,16,Ulsan,0,0,0
2020-01-27,16,Sejong,0,0,0
2020-01-27,16,Gyeonggi-do,2,0,0
2020-01-27,16,Gangwon-do,0,0,0
2020-01-27,16,Chungcheongbuk-do,0,0,0
2020-01-27,16,Chungcheongnam-do,0,0,0
2020-01-27,16,Jeollabuk-do,0,0,0
2020-01-27,16,Jeollanam-do,0,0,0
2020-01-27,16,Gyeongsangbuk-do,0,0,0
2020-01-27,16,Gyeongsangnam-do,0,0,0
2020-01-27,16,Jeju-do,0,0,0
2020-01-28,16,Seoul,1,0,0
2020-01-28,16,Busan,0,0,0
2020-01-28,16,Daegu,0,0,0
2020-01-28,16,Incheon,1,0,0
2020-01-28,16,Gwangju,0,0,0
2020-01-28,16,Daejeon,0,0,0
2020-01-28,16,Ulsan,0,0,0
2020-01-28,16,Sejong,0,0,0
2020-01-28,16,Gyeonggi-do,2,0,0
2020-01-28,16,Gangwon-do,0,0,0
2020-01-28,16,Chungcheongbuk-do,0,0,0
2020-01-28,16,Chungcheongnam-do,0,0,0
2020-01-28,16,Jeollabuk-do,0,0,0
2020-01-28,16,Jeollanam-do,0,0,0
2020-01-28,16,Gyeongsangbuk-do,0,0,0
2020-01-28,16,Gyeongsangnam-do,0,0,0
2020-01-28,16,Jeju-do,0,0,0
2020-01-29,16,Seoul,1,0,0
2020-01-29,16,Busan,0,0,0
2020-01-29,16,Daegu,0,0,0
2020-01-29,16,Incheon,1,0,0
2020-01-29,16,Gwangju,0,0,0
2020-01-29,16,Daejeon,0,0,0
2020-01-29,16,Ulsan,0,0,0
2020-01-29,16,Sejong,0,0,0
2020-01-29,16,Gyeonggi-do,2,0,0
2020-01-29,16,Gangwon-do,0,0,0
2020-01-29,16,Chungcheongbuk-do,0,0,0
2020-01-29,16,Chungcheongnam-do,0,0,0
2020-01-29,16,Jeollabuk-do,0,0,0
2020-01-29,16,Jeollanam-do,0,0,0
2020-01-29,16,Gyeongsangbuk-do,0,0,0
2020-01-29,16,Gyeongsangnam-do,0,0,0
2020-01-29,16,Jeju-do,0,0,0
2020-01-30,16,Seoul,3,0,0
2020-01-30,16,Busan,0,0,0
2020-01-30,16,Daegu,0,0,0
2020-01-30,16,Incheon,1,0,0
2020-01-30,16,Gwangju,0,0,0
2020-01-30,16,Daejeon,0,0,0
2020-01-30,16,Ulsan,0,0,0
2020-01-30,16,Sejong,0,0,0
2020-01-30,16,Gyeonggi-do,3,0,0
2020-01-30,16,Gangwon-do,0,0,0
2020-01-30,16,Chungcheongbuk-do,0,0,0
2020-01-30,16,Chungcheongnam-do,0,0,0
2020-01-30,16,Jeollabuk-do,0,0,0
2020-01-30,16,Jeollanam-do,0,0,0
2020-01-30,16,Gyeongsangbuk-do,0,0,0
2020-01-30,16,Gyeongsangnam-do,0,0,0
2020-01-30,16,Jeju-do,0,0,0
2020-01-31,16,Seoul,4,0,0
2020-01-31,16,Busan,0,0,0
2020-01-31,16,Daegu,0,0,0
2020-01-31,16,Incheon,1,0,0
2020-01-31,16,Gwangju,0,0,0
2020-01-31,16,Daejeon,0,0,0
2020-01-31,16,Ulsan,0,0,0
2020-01-31,16,Sejong,0,0,0
2020-01-31,16,Gyeonggi-do,5,0,0
2020-01-31,16,Gangwon-do,0,0,0
2020-01-31,16,Chungcheongbuk-do,0,0,0
2020-01-31,16,Chungcheongnam-do,0,0,0
2020-01-31,16,Jeollabuk-do,1,0,0
2020-01-31,16,Jeollanam-do,0,0,0
2020-01-31,16,Gyeongsangbuk-do,0,0,0
2020-01-31,16,Gyeongsangnam-do,0,0,0
2020-01-31,16,Jeju-do,0,0,0
2020-02-01,16,Seoul,4,0,0
2020-02-01,16,Busan,0,0,0
2020-02-01,16,Daegu,0,0,0
2020-02-01,16,Incheon,1,0,0
2020-02-01,16,Gwangju,0,0,0
2020-02-01,16,Daejeon,0,0,0
2020-02-01,16,Ulsan,0,0,0
2020-02-01,16,Sejong,0,0,0
2020-02-01,16,Gyeonggi-do,6,0,0
2020-02-01,16,Gangwon-do,0,0,0
2020-02-01,16,Chungcheongbuk-do,0,0,0
2020-02-01,16,Chungcheongnam-do,0,0,0
2020-02-01,16,Jeollabuk-do,1,0,0
2020-02-01,16,Jeollanam-do,0,0,0
2020-02-01,16,Gyeongsangbuk-do,0,0,0
2020-02-01,16,Gyeongsangnam-do,0,0,0
2020-02-01,16,Jeju-do,0,0,0
2020-02-02,16,Seoul,5,0,0
2020-02-02,16,Busan,0,0,0
2020-02-02,16,Daegu,0,0,0
2020-02-02,16,Incheon,1,0,0
2020-02-02,16,Gwangju,0,0,0
2020-02-02,16,Daejeon,0,0,0
2020-02-02,16,Ulsan,0,0,0
2020-02-02,16,Sejong,0,0,0
2020-02-02,16,Gyeonggi-do,8,0,0
2020-02-02,16,Gangwon-do,0,0,0
2020-02-02,16,Chungcheongbuk-do,0,0,0
2020-02-02,16,Chungcheongnam-do,0,0,0
2020-02-02,16,Jeollabuk-do,1,0,0
2020-02-02,16,Jeollanam-do,0,0,0
2020-02-02,16,Gyeongsangbuk-do,0,0,0
2020-02-02,16,Gyeongsangnam-do,0,0,0
2020-02-02,16,Jeju-do,0,0,0
2020-02-03,16,Seoul,5,0,0
2020-02-03,16,Busan,0,0,0
2020-02-03,16,Daegu,0,0,0
2020-02-03,16,Incheon,1,0,0
2020-02-03,16,Gwangju,0,0,0
2020-02-03,16,Daejeon,0,0,0
2020-02-03,16,Ulsan,0,0,0
2020-02-03,16,Sejong,0,0,0
2020-02-03,16,Gyeonggi-do,8,0,0
2020-02-03,16,Gangwon-do,0,0,0
2020-02-03,16,Chungcheongbuk-do,0,0,0
2020-02-03,16,Chungcheongnam-do,0,0,0
2020-02-03,16,Jeollabuk-do,1,0,0
2020-02-03,16,Jeollanam-do,0,0,0
2020-02-03,16,Gyeongsangbuk-do,0,0,0
2020-02-03,16,Gyeongsangnam-do,0,0,0
2020-02-03,16,Jeju-do,0,0,0
2020-02-04,16,Seoul,5,0,0
2020-02-04,16,Busan,0,0,0
2020-02-04,16,Daegu,0,0,0
2020-02-04,16,Incheon,1,0,0
2020-02-04,16,Gwangju,1,0,0
2020-02-04,16,Daejeon,0,0,0
2020-02-04,16,Ulsan,0,0,0
2020-02-04,16,Sejong,0,0,0
2020-02-04,16,Gyeonggi-do,8,0,0
2020-02-04,16,Gangwon-do,0,0,0
2020-02-04,16,Chungcheongbuk-do,0,0,0
2020-02-04,16,Chungcheongnam-do,0,0,0
2020-02-04,16,Jeollabuk-do,1,0,0
2020-02-04,16,Jeollanam-do,0,0,0
2020-02-04,16,Gyeongsangbuk-do,0,0,0
2020-02-04,16,Gyeongsangnam-do,0,0,0
2020-02-04,16,Jeju-do,0,0,0
2020-02-05,16,Seoul,5,1,0
2020-02-05,16,Busan,0,0,0
2020-02-05,16,Daegu,0,0,0
2020-02-05,16,Incheon,1,0,0
2020-02-05,16,Gwangju,1,0,0
2020-02-05,16,Daejeon,0,0,0
2020-02-05,16,Ulsan,0,0,0
2020-02-05,16,Sejong,0,0,0
2020-02-05,16,Gyeonggi-do,10,0,0
2020-02-05,16,Gangwon-do,0,0,0
2020-02-05,16,Chungcheongbuk-do,0,0,0
2020-02-05,16,Chungcheongnam-do,0,0,0
2020-02-05,16,Jeollabuk-do,1,0,0
2020-02-05,16,Jeollanam-do,0,0,0
2020-02-05,16,Gyeongsangbuk-do,0,0,0
2020-02-05,16,Gyeongsangnam-do,0,0,0
2020-02-05,16,Jeju-do,0,0,0
2020-02-06,16,Seoul,10,1,0
2020-02-06,16,Busan,0,0,0
2020-02-06,16,Daegu,0,0,0
2020-02-06,16,Incheon,1,1,0
2020-02-06,16,Gwangju,1,0,0
2020-02-06,16,Daejeon,0,0,0
2020-02-06,16,Ulsan,0,0,0
2020-02-06,16,Sejong,0,0,0
2020-02-06,16,Gyeonggi-do,10,0,0
2020-02-06,16,Gangwon-do,0,0,0
2020-02-06,16,Chungcheongbuk-do,0,0,0
2020-02-06,16,Chungcheongnam-do,0,0,0
2020-02-06,16,Jeollabuk-do,1,0,0
2020-02-06,16,Jeollanam-do,0,0,0
2020-02-06,16,Gyeongsangbuk-do,0,0,0
2020-02-06,16,Gyeongsangnam-do,0,0,0
2020-02-06,16,Jeju-do,0,0,0
2020-02-07,16,Seoul,11,1,0
2020-02-07,16,Busan,0,0,0
2020-02-07,16,Daegu,0,0,0
2020-02-07,16,Incheon,1,1,0
2020-02-07,16,Gwangju,1,0,0
2020-02-07,16,Daejeon,0,0,0
2020-02-07,16,Ulsan,0,0,0
2020-02-07,16,Sejong,0,0,0
2020-02-07,16,Gyeonggi-do,10,0,0
2020-02-07,16,Gangwon-do,0,0,0
2020-02-07,16,Chungcheongbuk-do,0,0,0
2020-02-07,16,Chungcheongnam-do,0,0,0
2020-02-07,16,Jeollabuk-do,1,0,0
2020-02-07,16,Jeollanam-do,0,0,0
2020-02-07,16,Gyeongsangbuk-do,0,0,0
2020-02-07,16,Gyeongsangnam-do,0,0,0
2020-02-07,16,Jeju-do,0,0,0
2020-02-08,16,Seoul,11,1,0
2020-02-08,16,Busan,0,0,0
2020-02-08,16,Daegu,0,0,0
2020-02-08,16,Incheon,1,1,0
2020-02-08,16,Gwangju,1,0,0
2020-02-08,16,Daejeon,0,0,0
2020-02-08,16,Ulsan,0,0,0
2020-02-08,16,Sejong,0,0,0
2020-02-08,16,Gyeonggi-do,10,0,0
2020-02-08,16,Gangwon-do,0,0,0
2020-02-08,16,Chungcheongbuk-do,0,0,0
2020-02-08,16,Chungcheongnam-do,0,0,0
2020-02-08,16,Jeollabuk-do,1,0,0
2020-02-08,16,Jeollanam-do,0,0,0
2020-02-08,16,Gyeongsangbuk-do,0,0,0
2020-02-08,16,Gyeongsangnam-do,0,0,0
2020-02-08,16,Jeju-do,0,0,0
2020-02-09,16,Seoul,14,1,0
2020-02-09,16,Busan,0,0,0
2020-02-09,16,Daegu,0,0,0
2020-02-09,16,Incheon,1,1,0
2020-02-09,16,Gwangju,1,0,0
2020-02-09,16,Daejeon,0,0,0
2020-02-09,16,Ulsan,0,0,0
2020-02-09,16,Sejong,0,0,0
2020-02-09,16,Gyeonggi-do,10,1,0
2020-02-09,16,Gangwon-do,0,0,0
2020-02-09,16,Chungcheongbuk-do,0,0,0
2020-02-09,16,Chungcheongnam-do,0,0,0
2020-02-09,16,Jeollabuk-do,1,0,0
2020-02-09,16,Jeollanam-do,0,0,0
2020-02-09,16,Gyeongsangbuk-do,0,1,0
2020-02-09,16,Gyeongsangnam-do,0,0,0
2020-02-09,16,Jeju-do,0,0,0
2020-02-10,16,Seoul,14,1,0
2020-02-10,16,Busan,0,0,0
2020-02-10,16,Daegu,0,0,0
2020-02-10,16,Incheon,1,1,0
2020-02-10,16,Gwangju,1,0,0
2020-02-10,16,Daejeon,0,0,0
2020-02-10,16,Ulsan,0,0,0
2020-02-10,16,Sejong,0,0,0
2020-02-10,16,Gyeonggi-do,10,1,0
2020-02-10,16,Gangwon-do,0,0,0
2020-02-10,16,Chungcheongbuk-do,0,0,0
2020-02-10,16,Chungcheongnam-do,0,0,0
2020-02-10,16,Jeollabuk-do,1,0,0
2020-02-10,16,Jeollanam-do,0,0,0
2020-02-10,16,Gyeongsangbuk-do,0,1,0
2020-02-10,16,Gyeongsangnam-do,0,0,0
2020-02-10,16,Jeju-do,0,0,0
2020-02-11,16,Seoul,14,2,0
2020-02-11,16,Busan,0,0,0
2020-02-11,16,Daegu,0,0,0
2020-02-11,16,Incheon,1,1,0
2020-02-11,16,Gwangju,1,0,0
2020-02-11,16,Daejeon,0,0,0
2020-02-11,16,Ulsan,0,0,0
2020-02-11,16,Sejong,0,0,0
2020-02-11,16,Gyeonggi-do,12,3,0
2020-02-11,16,Gangwon-do,0,0,0
2020-02-11,16,Chungcheongbuk-do,0,0,0
2020-02-11,16,Chungcheongnam-do,0,0,0
2020-02-11,16,Jeollabuk-do,1,0,0
2020-02-11,16,Jeollanam-do,0,0,0
2020-02-11,16,Gyeongsangbuk-do,0,1,0
2020-02-11,16,Gyeongsangnam-do,0,0,0
2020-02-11,16,Jeju-do,0,0,0
2020-02-12,16,Seoul,14,2,0
2020-02-12,16,Busan,0,0,0
2020-02-12,16,Daegu,0,0,0
2020-02-12,16,Incheon,1,1,0
2020-02-12,16,Gwangju,1,0,0
2020-02-12,16,Daejeon,0,0,0
2020-02-12,16,Ulsan,0,0,0
2020-02-12,16,Sejong,0,0,0
2020-02-12,16,Gyeonggi-do,12,3,0
2020-02-12,16,Gangwon-do,0,0,0
2020-02-12,16,Chungcheongbuk-do,0,0,0
2020-02-12,16,Chungcheongnam-do,0,0,0
2020-02-12,16,Jeollabuk-do,1,0,0
2020-02-12,16,Jeollanam-do,0,0,0
2020-02-12,16,Gyeongsangbuk-do,0,1,0
2020-02-12,16,Gyeongsangnam-do,0,0,0
2020-02-12,16,Jeju-do,0,0,0
2020-02-13,16,Seoul,14,2,0
2020-02-13,16,Busan,0,0,0
2020-02-13,16,Daegu,0,0,0
2020-02-13,16,Incheon,1,1,0
2020-02-13,16,Gwangju,1,0,0
2020-02-13,16,Daejeon,0,0,0
2020-02-13,16,Ulsan,0,0,0
2020-02-13,16,Sejong,0,0,0
2020-02-13,16,Gyeonggi-do,12,5,0
2020-02-13,16,Gangwon-do,0,0,0
2020-02-13,16,Chungcheongbuk-do,0,0,0
2020-02-13,16,Chungcheongnam-do,0,0,0
2020-02-13,16,Jeollabuk-do,1,1,0
2020-02-13,16,Jeollanam-do,0,0,0
2020-02-13,16,Gyeongsangbuk-do,0,1,0
2020-02-13,16,Gyeongsangnam-do,0,0,0
2020-02-13,16,Jeju-do,0,0,0
2020-02-14,16,Seoul,14,2,0
2020-02-14,16,Busan,0,0,0
2020-02-14,16,Daegu,0,0,0
2020-02-14,16,Incheon,1,1,0
2020-02-14,16,Gwangju,1,0,0
2020-02-14,16,Daejeon,0,0,0
2020-02-14,16,Ulsan,0,0,0
2020-02-14,16,Sejong,0,0,0
2020-02-14,16,Gyeonggi-do,12,5,0
2020-02-14,16,Gangwon-do,0,0,0
2020-02-14,16,Chungcheongbuk-do,0,0,0
2020-02-14,16,Chungcheongnam-do,0,0,0
2020-02-14,16,Jeollabuk-do,1,1,0
2020-02-14,16,Jeollanam-do,0,0,0
2020-02-14,16,Gyeongsangbuk-do,0,1,0
2020-02-14,16,Gyeongsangnam-do,0,0,0
2020-02-14,16,Jeju-do,0,0,0
2020-02-15,16,Seoul,14,2,0
2020-02-15,16,Busan,0,0,0
2020-02-15,16,Daegu,0,0,0
2020-02-15,16,Incheon,1,1,0
2020-02-15,16,Gwangju,1,0,0
2020-02-15,16,Daejeon,0,0,0
2020-02-15,16,Ulsan,0,0,0
2020-02-15,16,Sejong,0,0,0
2020-02-15,16,Gyeonggi-do,12,5,0
2020-02-15,16,Gangwon-do,0,0,0
2020-02-15,16,Chungcheongbuk-do,0,0,0
2020-02-15,16,Chungcheongnam-do,0,0,0
2020-02-15,16,Jeollabuk-do,1,1,0
2020-02-15,16,Jeollanam-do,0,0,0
2020-02-15,16,Gyeongsangbuk-do,0,1,0
2020-02-15,16,Gyeongsangnam-do,0,0,0
2020-02-15,16,Jeju-do,0,0,0
2020-02-16,16,Seoul,14,3,0
2020-02-16,16,Busan,0,0,0
2020-02-16,16,Daegu,0,0,0
2020-02-16,16,Incheon,1,1,0
2020-02-16,16,Gwangju,1,0,0
2020-02-16,16,Daejeon,0,0,0
2020-02-16,16,Ulsan,0,0,0
2020-02-16,16,Sejong,0,0,0
2020-02-16,16,Gyeonggi-do,12,5,0
2020-02-16,16,Gangwon-do,0,0,0
2020-02-16,16,Chungcheongbuk-do,0,0,0
2020-02-16,16,Chungcheongnam-do,0,0,0
2020-02-16,16,Jeollabuk-do,1,1,0
2020-02-16,16,Jeollanam-do,0,0,0
2020-02-16,16,Gyeongsangbuk-do,0,1,0
2020-02-16,16,Gyeongsangnam-do,0,0,0
2020-02-16,16,Jeju-do,0,0,0
2020-02-17,16,Seoul,14,3,0
2020-02-17,16,Busan,0,0,0
2020-02-17,16,Daegu,0,0,0
2020-02-17,16,Incheon,1,1,0
2020-02-17,16,Gwangju,1,0,0
2020-02-17,16,Daejeon,0,0,0
2020-02-17,16,Ulsan,0,0,0
2020-02-17,16,Sejong,0,0,0
2020-02-17,16,Gyeonggi-do,12,5,0
2020-02-17,16,Gangwon-do,0,0,0
2020-02-17,16,Chungcheongbuk-do,0,0,0
2020-02-17,16,Chungcheongnam-do,0,0,0
2020-02-17,16,Jeollabuk-do,1,1,0
2020-02-17,16,Jeollanam-do,0,0,0
2020-02-17,16,Gyeongsangbuk-do,0,1,0
2020-02-17,16,Gyeongsangnam-do,0,0,0
2020-02-17,16,Jeju-do,0,0,0
2020-02-18,16,Seoul,14,3,0
2020-02-18,16,Busan,0,0,0
2020-02-18,16,Daegu,1,0,0
2020-02-18,16,Incheon,1,1,0
2020-02-18,16,Gwangju,1,0,0
2020-02-18,16,Daejeon,0,0,0
2020-02-18,16,Ulsan,0,0,0
2020-02-18,16,Sejong,0,0,0
2020-02-18,16,Gyeonggi-do,12,5,0
2020-02-18,16,Gangwon-do,0,0,0
2020-02-18,16,Chungcheongbuk-do,0,0,0
2020-02-18,16,Chungcheongnam-do,0,0,0
2020-02-18,16,Jeollabuk-do,1,1,0
2020-02-18,16,Jeollanam-do,0,0,0
2020-02-18,16,Gyeongsangbuk-do,0,1,0
2020-02-18,16,Gyeongsangnam-do,0,0,0
2020-02-18,16,Jeju-do,0,0,0
2020-02-19,16,Seoul,20,3,0
2020-02-19,16,Busan,0,0,0
2020-02-19,16,Daegu,11,0,0
2020-02-19,16,Incheon,2,1,0
2020-02-19,16,Gwangju,1,0,0
2020-02-19,16,Daejeon,0,0,0
2020-02-19,16,Ulsan,0,0,0
2020-02-19,16,Sejong,0,0,0
2020-02-19,16,Gyeonggi-do,12,7,0
2020-02-19,16,Gangwon-do,0,0,0
2020-02-19,16,Chungcheongbuk-do,0,0,0
2020-02-19,16,Chungcheongnam-do,0,0,0
2020-02-19,16,Jeollabuk-do,1,1,0
2020-02-19,16,Jeollanam-do,0,0,0
2020-02-19,16,Gyeongsangbuk-do,2,1,0
2020-02-19,16,Gyeongsangnam-do,3,0,0
2020-02-19,16,Jeju-do,0,0,0
2020-02-20,16,Seoul,22,5,0
2020-02-20,16,Busan,8,0,0
2020-02-20,16,Daegu,30,0,0
2020-02-20,16,Incheon,2,1,0
2020-02-20,16,Gwangju,1,2,0
2020-02-20,16,Daejeon,0,0,0
2020-02-20,16,Ulsan,0,0,0
2020-02-20,16,Sejong,0,0,0
2020-02-20,16,Gyeonggi-do,12,7,0
2020-02-20,16,Gangwon-do,0,0,0
2020-02-20,16,Chungcheongbuk-do,0,0,0
2020-02-20,16,Chungcheongnam-do,0,0,0
2020-02-20,16,Jeollabuk-do,1,1,0
2020-02-20,16,Jeollanam-do,0,0,0
2020-02-20,16,Gyeongsangbuk-do,25,1,1
2020-02-20,16,Gyeongsangnam-do,3,0,0
2020-02-20,16,Jeju-do,0,0,0
2020-02-21,16,Seoul,27,5,0
2020-02-21,16,Busan,8,0,0
2020-02-21,16,Daegu,110,0,0
2020-02-21,16,Incheon,2,1,0
2020-02-21,16,Gwangju,3,2,0
2020-02-21,16,Daejeon,0,0,0
2020-02-21,16,Ulsan,0,0,0
2020-02-21,16,Sejong,0,0,0
2020-02-21,16,Gyeonggi-do,14,7,0
2020-02-21,16,Gangwon-do,0,0,0
2020-02-21,16,Chungcheongbuk-do,1,0,0
2020-02-21,16,Chungcheongnam-do,1,0,0
2020-02-21,16,Jeollabuk-do,2,1,0
2020-02-21,16,Jeollanam-do,0,0,0
2020-02-21,16,Gyeongsangbuk-do,28,1,1
2020-02-21,16,Gyeongsangnam-do,7,0,0
2020-02-21,16,Jeju-do,1,0,0
2020-02-22,16,Seoul,30,6,0
2020-02-22,16,Busan,11,0,0
2020-02-22,16,Daegu,193,0,0
2020-02-22,16,Incheon,2,1,0
2020-02-22,16,Gwangju,6,2,0
2020-02-22,16,Daejeon,2,0,0
2020-02-22,16,Ulsan,1,0,0
2020-02-22,16,Sejong,1,0,0
2020-02-22,16,Gyeonggi-do,20,7,0
2020-02-22,16,Gangwon-do,6,0,0
2020-02-22,16,Chungcheongbuk-do,3,0,0
2020-02-22,16,Chungcheongnam-do,1,0,0
2020-02-22,16,Jeollabuk-do,3,1,0
2020-02-22,16,Jeollanam-do,1,0,0
2020-02-22,16,Gyeongsangbuk-do,145,1,3
2020-02-22,16,Gyeongsangnam-do,7,0,0
2020-02-22,16,Jeju-do,1,0,0
2020-02-23,16,Seoul,31,6,0
2020-02-23,16,Busan,19,0,0
2020-02-23,16,Daegu,310,0,1
2020-02-23,16,Incheon,2,1,0
2020-02-23,16,Gwangju,8,2,0
2020-02-23,16,Daejeon,3,0,0
2020-02-23,16,Ulsan,1,0,0
2020-02-23,16,Sejong,1,0,0
2020-02-23,16,Gyeonggi-do,24,7,0
2020-02-23,16,Gangwon-do,6,0,0
2020-02-23,16,Chungcheongbuk-do,3,0,0
2020-02-23,16,Chungcheongnam-do,1,0,0
2020-02-23,16,Jeollabuk-do,3,1,0
2020-02-23,16,Jeollanam-do,1,0,0
2020-02-23,16,Gyeongsangbuk-do,170,1,3
2020-02-23,16,Gyeongsangnam-do,17,0,0
2020-02-23,16,Jeju-do,2,0,0
2020-02-24,16,Seoul,35,6,0
2020-02-24,16,Busan,34,0,0
2020-02-24,16,Daegu,483,0,2
2020-02-24,16,Incheon,2,1,0
2020-02-24,16,Gwangju,9,2,0
2020-02-24,16,Daejeon,3,0,0
2020-02-24,16,Ulsan,2,0,0
2020-02-24,16,Sejong,1,0,0
2020-02-24,16,Gyeonggi-do,35,7,0
2020-02-24,16,Gangwon-do,6,0,0
2020-02-24,16,Chungcheongbuk-do,3,0,0
2020-02-24,16,Chungcheongnam-do,1,0,0
2020-02-24,16,Jeollabuk-do,3,1,0
2020-02-24,16,Jeollanam-do,1,0,0
2020-02-24,16,Gyeongsangbuk-do,193,1,6
2020-02-24,16,Gyeongsangnam-do,20,0,0
2020-02-24,16,Jeju-do,2,0,0
2020-02-25,16,Seoul,41,8,0
2020-02-25,16,Busan,42,0,0
2020-02-25,16,Daegu,543,0,6
2020-02-25,16,Incheon,2,1,0
2020-02-25,16,Gwangju,9,2,0
2020-02-25,16,Daejeon,3,0,0
2020-02-25,16,Ulsan,3,0,0
2020-02-25,16,Sejong,1,0,0
2020-02-25,16,Gyeonggi-do,42,8,0
2020-02-25,16,Gangwon-do,6,0,0
2020-02-25,16,Chungcheongbuk-do,5,0,0
2020-02-25,16,Chungcheongnam-do,2,0,0
2020-02-25,16,Jeollabuk-do,3,1,0
2020-02-25,16,Jeollanam-do,1,0,0
2020-02-25,16,Gyeongsangbuk-do,249,1,6
2020-02-25,16,Gyeongsangnam-do,23,0,0
2020-02-25,16,Jeju-do,2,0,0
2020-02-26,16,Seoul,49,8,0
2020-02-26,16,Busan,58,0,0
2020-02-26,16,Daegu,710,1,6
2020-02-26,16,Incheon,3,1,0
2020-02-26,16,Gwangju,9,2,0
2020-02-26,16,Daejeon,5,0,0
2020-02-26,16,Ulsan,4,0,0
2020-02-26,16,Sejong,1,0,0
2020-02-26,16,Gyeonggi-do,51,8,1
2020-02-26,16,Gangwon-do,6,0,0
2020-02-26,16,Chungcheongbuk-do,5,0,0
2020-02-26,16,Chungcheongnam-do,3,0,0
2020-02-26,16,Jeollabuk-do,3,1,0
2020-02-26,16,Jeollanam-do,1,0,0
2020-02-26,16,Gyeongsangbuk-do,317,1,6
2020-02-26,16,Gyeongsangnam-do,34,0,0
2020-02-26,16,Jeju-do,2,0,0
2020-02-27,16,Seoul,56,8,0
2020-02-27,16,Busan,61,0,0
2020-02-27,16,Daegu,1132,2,6
2020-02-27,16,Incheon,3,1,0
2020-02-27,16,Gwangju,9,2,0
2020-02-27,16,Daejeon,9,0,0
2020-02-27,16,Ulsan,11,0,0
2020-02-27,16,Sejong,1,0,0
2020-02-27,16,Gyeonggi-do,62,8,1
2020-02-27,16,Gangwon-do,6,0,0
2020-02-27,16,Chungcheongbuk-do,8,0,0
2020-02-27,16,Chungcheongnam-do,12,0,0
2020-02-27,16,Jeollabuk-do,5,1,0
2020-02-27,16,Jeollanam-do,1,0,0
2020-02-27,16,Gyeongsangbuk-do,345,1,6
2020-02-27,16,Gyeongsangnam-do,43,0,0
2020-02-27,16,Jeju-do,2,0,0
2020-02-28,16,Seoul,62,9,0
2020-02-28,16,Busan,65,0,0
2020-02-28,16,Daegu,1580,3,6
2020-02-28,16,Incheon,4,1,0
2020-02-28,16,Gwangju,9,2,0
2020-02-28,16,Daejeon,13,0,0
2020-02-28,16,Ulsan,14,0,0
2020-02-28,16,Sejong,1,0,0
2020-02-28,16,Gyeonggi-do,72,8,1
2020-02-28,16,Gangwon-do,7,0,0
2020-02-28,16,Chungcheongbuk-do,9,0,0
2020-02-28,16,Chungcheongnam-do,35,0,0
2020-02-28,16,Jeollabuk-do,5,1,0
2020-02-28,16,Jeollanam-do,1,0,0
2020-02-28,16,Gyeongsangbuk-do,409,1,6
2020-02-28,16,Gyeongsangnam-do,49,1,0
2020-02-28,16,Jeju-do,2,0,0
2020-02-29,16,Seoul,77,9,0
2020-02-29,16,Busan,80,0,0
2020-02-29,16,Daegu,2236,3,10
2020-02-29,16,Incheon,6,1,0
2020-02-29,16,Gwangju,9,2,0
2020-02-29,16,Daejeon,13,0,0
2020-02-29,16,Ulsan,17,0,0
2020-02-29,16,Sejong,1,0,0
2020-02-29,16,Gyeonggi-do,82,8,1
2020-02-29,16,Gangwon-do,7,0,0
2020-02-29,16,Chungcheongbuk-do,10,0,0
2020-02-29,16,Chungcheongnam-do,55,0,0
2020-02-29,16,Jeollabuk-do,5,1,0
2020-02-29,16,Jeollanam-do,3,0,0
2020-02-29,16,Gyeongsangbuk-do,488,1,6
2020-02-29,16,Gyeongsangnam-do,59,1,0
2020-02-29,16,Jeju-do,2,0,0
2020-03-01,16,Seoul,87,11,0
2020-03-01,16,Busan,83,0,0
2020-03-01,16,Daegu,2704,6,11
2020-03-01,16,Incheon,6,1,0
2020-03-01,16,Gwangju,9,2,0
2020-03-01,16,Daejeon,13,0,0
2020-03-01,16,Ulsan,20,0,0
2020-03-01,16,Sejong,1,0,0
2020-03-01,16,Gyeonggi-do,89,8,1
2020-03-01,16,Gangwon-do,15,0,0
2020-03-01,16,Chungcheongbuk-do,11,0,0
2020-03-01,16,Chungcheongnam-do,68,0,0
2020-03-01,16,Jeollabuk-do,6,1,0
2020-03-01,16,Jeollanam-do,3,0,0
2020-03-01,16,Gyeongsangbuk-do,556,1,6
2020-03-01,16,Gyeongsangnam-do,63,1,0
2020-03-01,16,Jeju-do,2,0,0
2020-03-02,0,Seoul,91,12,0
2020-03-02,0,Busan,88,1,0
2020-03-02,0,Daegu,3081,7,15
2020-03-02,0,Incheon,7,1,0
2020-03-02,0,Gwangju,9,2,0
2020-03-02,0,Daejeon,14,0,0
2020-03-02,0,Ulsan,20,0,0
2020-03-02,0,Sejong,1,0,0
2020-03-02,0,Gyeonggi-do,92,8,1
2020-03-02,0,Gangwon-do,19,0,0
2020-03-02,0,Chungcheongbuk-do,11,0,0
2020-03-02,0,Chungcheongnam-do,78,0,0
2020-03-02,0,Jeollabuk-do,6,1,0
2020-03-02,0,Jeollanam-do,5,0,0
2020-03-02,0,Gyeongsangbuk-do,624,1,6
2020-03-02,0,Gyeongsangnam-do,64,1,0
2020-03-02,0,Jeju-do,2,0,0
2020-03-03,0,Seoul,98,13,0
2020-03-03,0,Busan,90,1,0
2020-03-03,0,Daegu,3601,9,21
2020-03-03,0,Incheon,7,1,0
2020-03-03,0,Gwangju,11,2,0
2020-03-03,0,Daejeon,14,0,0
2020-03-03,0,Ulsan,20,0,0
2020-03-03,0,Sejong,1,0,0
2020-03-03,0,Gyeonggi-do,94,8,1
2020-03-03,0,Gangwon-do,20,0,0
2020-03-03,0,Chungcheongbuk-do,11,0,0
2020-03-03,0,Chungcheongnam-do,81,0,0
2020-03-03,0,Jeollabuk-do,7,1,0
2020-03-03,0,Jeollanam-do,5,0,0
2020-03-03,0,Gyeongsangbuk-do,685,1,6
2020-03-03,0,Gyeongsangnam-do,64,1,0
2020-03-03,0,Jeju-do,3,0,0
2020-03-04,0,Seoul,99,19,0
2020-03-04,0,Busan,92,2,0
2020-03-04,0,Daegu,4007,11,25
2020-03-04,0,Incheon,9,2,0
2020-03-04,0,Gwangju,13,2,0
2020-03-04,0,Daejeon,15,0,0
2020-03-04,0,Ulsan,23,0,0
2020-03-04,0,Sejong,1,0,0
2020-03-04,0,Gyeonggi-do,101,9,1
2020-03-04,0,Gangwon-do,21,0,0
2020-03-04,0,Chungcheongbuk-do,11,0,0
2020-03-04,0,Chungcheongnam-do,82,0,0
2020-03-04,0,Jeollabuk-do,7,1,0
2020-03-04,0,Jeollanam-do,4,0,0
2020-03-04,0,Gyeongsangbuk-do,774,4,6
2020-03-04,0,Gyeongsangnam-do,65,2,0
2020-03-04,0,Jeju-do,3,0,0
2020-03-05,0,Seoul,103,25,0
2020-03-05,0,Busan,92,2,0
2020-03-05,0,Daegu,4328,14,27
2020-03-05,0,Incheon,9,2,0
2020-03-05,0,Gwangju,13,3,0
2020-03-05,0,Daejeon,16,0,0
2020-03-05,0,Ulsan,23,0,0
2020-03-05,0,Sejong,1,0,0
2020-03-05,0,Gyeonggi-do,110,10,1
2020-03-05,0,Gangwon-do,23,3,0
2020-03-05,0,Chungcheongbuk-do,12,1,0
2020-03-05,0,Chungcheongnam-do,86,0,0
2020-03-05,0,Jeollabuk-do,7,2,0
2020-03-05,0,Jeollanam-do,4,0,0
2020-03-05,0,Gyeongsangbuk-do,861,23,6
2020-03-05,0,Gyeongsangnam-do,74,3,0
2020-03-05,0,Jeju-do,4,0,0
2020-03-06,0,Seoul,105,25,0
2020-03-06,0,Busan,95,2,0
2020-03-06,0,Daegu,4694,15,30
2020-03-06,0,Incheon,9,2,0
2020-03-06,0,Gwangju,13,3,0
2020-03-06,0,Daejeon,18,0,0
2020-03-06,0,Ulsan,23,1,0
2020-03-06,0,Sejong,1,0,0
2020-03-06,0,Gyeonggi-do,120,14,1
2020-03-06,0,Gangwon-do,25,3,0
2020-03-06,0,Chungcheongbuk-do,15,1,0
2020-03-06,0,Chungcheongnam-do,90,0,0
2020-03-06,0,Jeollabuk-do,7,2,0
2020-03-06,0,Jeollanam-do,4,0,0
2020-03-06,0,Gyeongsangbuk-do,984,36,10
2020-03-06,0,Gyeongsangnam-do,77,4,0
2020-03-06,0,Jeju-do,4,0,0
2020-03-07,0,Seoul,108,27,0
2020-03-07,0,Busan,96,2,0
2020-03-07,0,Daegu,5084,18,31
2020-03-07,0,Incheon,9,2,0
2020-03-07,0,Gwangju,13,3,0
2020-03-07,0,Daejeon,18,0,0
2020-03-07,0,Ulsan,23,1,0
2020-03-07,0,Sejong,2,0,0
2020-03-07,0,Gyeonggi-do,130,14,1
2020-03-07,0,Gangwon-do,26,3,1
2020-03-07,0,Chungcheongbuk-do,20,1,0
2020-03-07,0,Chungcheongnam-do,92,0,0
2020-03-07,0,Jeollabuk-do,7,2,0
2020-03-07,0,Jeollanam-do,4,0,0
2020-03-07,0,Gyeongsangbuk-do,1049,41,10
2020-03-07,0,Gyeongsangnam-do,82,4,0
2020-03-07,0,Jeju-do,4,0,0
2020-03-08,0,Seoul,120,28,0
2020-03-08,0,Busan,96,9,0
2020-03-08,0,Daegu,5381,18,35
2020-03-08,0,Incheon,9,2,0
2020-03-08,0,Gwangju,13,3,0
2020-03-08,0,Daejeon,18,1,0
2020-03-08,0,Ulsan,24,1,0
2020-03-08,0,Sejong,3,0,0
2020-03-08,0,Gyeonggi-do,141,16,1
2020-03-08,0,Gangwon-do,27,3,1
2020-03-08,0,Chungcheongbuk-do,24,1,0
2020-03-08,0,Chungcheongnam-do,98,0,0
2020-03-08,0,Jeollabuk-do,7,2,0
2020-03-08,0,Jeollanam-do,4,0,0
2020-03-08,0,Gyeongsangbuk-do,1082,42,13
2020-03-08,0,Gyeongsangnam-do,83,4,0
2020-03-08,0,Jeju-do,4,0,0
2020-03-09,0,Seoul,130,29,0
2020-03-09,0,Busan,96,10,0
2020-03-09,0,Daegu,5571,21,35
2020-03-09,0,Incheon,9,2,0
2020-03-09,0,Gwangju,15,3,0
2020-03-09,0,Daejeon,18,1,0
2020-03-09,0,Ulsan,24,1,0
2020-03-09,0,Sejong,6,0,0
2020-03-09,0,Gyeonggi-do,153,22,1
2020-03-09,0,Gangwon-do,28,3,1
2020-03-09,0,Chungcheongbuk-do,25,3,0
2020-03-09,0,Chungcheongnam-do,102,1,0
2020-03-09,0,Jeollabuk-do,7,2,0
2020-03-09,0,Jeollanam-do,4,1,0
2020-03-09,0,Gyeongsangbuk-do,1107,57,14
2020-03-09,0,Gyeongsangnam-do,83,9,0
2020-03-09,0,Jeju-do,4,1,0
2020-03-10,0,Seoul,141,31,0
2020-03-10,0,Busan,96,10,0
2020-03-10,0,Daegu,5663,92,38
2020-03-10,0,Incheon,13,3,0
2020-03-10,0,Gwangju,15,3,0
2020-03-10,0,Daejeon,18,1,0
2020-03-10,0,Ulsan,24,1,0
2020-03-10,0,Sejong,8,0,0
2020-03-10,0,Gyeonggi-do,163,22,1
2020-03-10,0,Gangwon-do,28,6,1
2020-03-10,0,Chungcheongbuk-do,25,3,0
2020-03-10,0,Chungcheongnam-do,104,1,0
2020-03-10,0,Jeollabuk-do,7,2,0
2020-03-10,0,Jeollanam-do,4,1,0
2020-03-10,0,Gyeongsangbuk-do,1117,60,14
2020-03-10,0,Gyeongsangnam-do,83,10,0
2020-03-10,0,Jeju-do,4,1,0
2020-03-11,0,Seoul,193,37,0
2020-03-11,0,Busan,98,21,0
2020-03-11,0,Daegu,5794,102,44
2020-03-11,0,Incheon,25,3,0
2020-03-11,0,Gwangju,15,3,0
2020-03-11,0,Daejeon,18,2,0
2020-03-11,0,Ulsan,25,2,0
2020-03-11,0,Sejong,10,0,0
2020-03-11,0,Gyeonggi-do,175,25,1
2020-03-11,0,Gangwon-do,29,6,1
2020-03-11,0,Chungcheongbuk-do,27,3,0
2020-03-11,0,Chungcheongnam-do,112,1,0
2020-03-11,0,Jeollabuk-do,7,2,0
2020-03-11,0,Jeollanam-do,4,1,0
2020-03-11,0,Gyeongsangbuk-do,1135,69,14
2020-03-11,0,Gyeongsangnam-do,84,10,0
2020-03-11,0,Jeju-do,4,1,0
2020-03-12,0,Seoul,212,38,0
2020-03-12,0,Busan,99,29,0
2020-03-12,0,Daegu,5867,114,48
2020-03-12,0,Incheon,25,4,0
2020-03-12,0,Gwangju,15,4,0
2020-03-12,0,Daejeon,20,2,0
2020-03-12,0,Ulsan,25,3,0
2020-03-12,0,Sejong,15,0,0
2020-03-12,0,Gyeonggi-do,178,27,1
2020-03-12,0,Gangwon-do,29,6,1
2020-03-12,0,Chungcheongbuk-do,27,4,0
2020-03-12,0,Chungcheongnam-do,114,5,0
2020-03-12,0,Jeollabuk-do,7,2,0
2020-03-12,0,Jeollanam-do,4,1,0
2020-03-12,0,Gyeongsangbuk-do,1143,83,16
2020-03-12,0,Gyeongsangnam-do,85,10,0
2020-03-12,0,Jeju-do,4,1,0
2020-03-13,0,Seoul,225,40,0
2020-03-13,0,Busan,100,36,0
2020-03-13,0,Daegu,5928,251,48
2020-03-13,0,Incheon,27,4,0
2020-03-13,0,Gwangju,15,4,0
2020-03-13,0,Daejeon,22,4,0
2020-03-13,0,Ulsan,27,3,0
2020-03-13,0,Sejong,32,0,0
2020-03-13,0,Gyeonggi-do,185,31,2
2020-03-13,0,Gangwon-do,29,6,1
2020-03-13,0,Chungcheongbuk-do,27,4,0
2020-03-13,0,Chungcheongnam-do,115,7,0
2020-03-13,0,Jeollabuk-do,7,4,0
2020-03-13,0,Jeollanam-do,4,1,0
2020-03-13,0,Gyeongsangbuk-do,1147,103,16
2020-03-13,0,Gyeongsangnam-do,85,11,0
2020-03-13,0,Jeju-do,4,1,0
2020-03-14,0,Seoul,238,44,0
2020-03-14,0,Busan,103,40,0
2020-03-14,0,Daegu,5990,401,51
2020-03-14,0,Incheon,28,4,0
2020-03-14,0,Gwangju,15,4,0
2020-03-14,0,Daejeon,22,4,0
2020-03-14,0,Ulsan,27,5,0
2020-03-14,0,Sejong,38,0,0
2020-03-14,0,Gyeonggi-do,200,36,3
2020-03-14,0,Gangwon-do,29,6,1
2020-03-14,0,Chungcheongbuk-do,28,5,0
2020-03-14,0,Chungcheongnam-do,115,9,0
2020-03-14,0,Jeollabuk-do,7,4,0
2020-03-14,0,Jeollanam-do,4,2,0
2020-03-14,0,Gyeongsangbuk-do,1153,138,17
2020-03-14,0,Gyeongsangnam-do,85,11,0
2020-03-14,0,Jeju-do,4,1,0
2020-03-15,0,Seoul,247,47,0
2020-03-15,0,Busan,106,52,1
2020-03-15,0,Daegu,6031,468,53
2020-03-15,0,Incheon,30,4,0
2020-03-15,0,Gwangju,16,4,0
2020-03-15,0,Daejeon,22,4,0
2020-03-15,0,Ulsan,28,6,0
2020-03-15,0,Sejong,39,0,0
2020-03-15,0,Gyeonggi-do,211,40,3
2020-03-15,0,Gangwon-do,29,7,1
2020-03-15,0,Chungcheongbuk-do,31,6,0
2020-03-15,0,Chungcheongnam-do,115,10,0
2020-03-15,0,Jeollabuk-do,7,4,0
2020-03-15,0,Jeollanam-do,4,2,0
2020-03-15,0,Gyeongsangbuk-do,1157,163,17
2020-03-15,0,Gyeongsangnam-do,85,16,0
2020-03-15,0,Jeju-do,4,1,0
2020-03-16,0,Seoul,253,52,0
2020-03-16,0,Busan,107,53,1
2020-03-16,0,Daegu,6066,734,53
2020-03-16,0,Incheon,30,4,0
2020-03-16,0,Gwangju,16,4,0
2020-03-16,0,Daejeon,22,4,0
2020-03-16,0,Ulsan,28,7,0
2020-03-16,0,Sejong,40,0,0
2020-03-16,0,Gyeonggi-do,231,48,3
2020-03-16,0,Gangwon-do,29,7,1
2020-03-16,0,Chungcheongbuk-do,31,6,0
2020-03-16,0,Chungcheongnam-do,115,12,0
2020-03-16,0,Jeollabuk-do,7,4,0
2020-03-16,0,Jeollanam-do,4,2,0
2020-03-16,0,Gyeongsangbuk-do,1164,178,17
2020-03-16,0,Gyeongsangnam-do,85,20,0
2020-03-16,0,Jeju-do,4,2,0
2020-03-17,0,Seoul,265,55,0
2020-03-17,0,Busan,107,54,1
2020-03-17,0,Daegu,6098,947,57
2020-03-17,0,Incheon,31,5,0
2020-03-17,0,Gwangju,16,6,0
2020-03-17,0,Daejeon,22,4,0
2020-03-17,0,Ulsan,28,8,0
2020-03-17,0,Sejong,40,0,0
2020-03-17,0,Gyeonggi-do,262,55,3
2020-03-17,0,Gangwon-do,29,8,1
2020-03-17,0,Chungcheongbuk-do,31,5,0
2020-03-17,0,Chungcheongnam-do,115,15,0
2020-03-17,0,Jeollabuk-do,7,4,0
2020-03-17,0,Jeollanam-do,4,2,0
2020-03-17,0,Gyeongsangbuk-do,1169,209,19
2020-03-17,0,Gyeongsangnam-do,86,22,0
2020-03-17,0,Jeju-do,4,2,0
2020-03-18,0,Seoul,270,55,0
2020-03-18,0,Busan,107,58,1
2020-03-18,0,Daegu,6144,1048,58
2020-03-18,0,Incheon,32,5,0
2020-03-18,0,Gwangju,17,6,0
2020-03-18,0,Daejeon,22,4,0
2020-03-18,0,Ulsan,30,9,0
2020-03-18,0,Sejong,41,0,0
2020-03-18,0,Gyeonggi-do,277,59,3
2020-03-18,0,Gangwon-do,30,8,1
2020-03-18,0,Chungcheongbuk-do,32,5,0
2020-03-18,0,Chungcheongnam-do,118,16,0
2020-03-18,0,Jeollabuk-do,9,5,0
2020-03-18,0,Jeollanam-do,5,2,0
2020-03-18,0,Gyeongsangbuk-do,1178,235,21
2020-03-18,0,Gyeongsangnam-do,86,23,0
2020-03-18,0,Jeju-do,4,2,0
2020-03-19,0,Seoul,282,58,0
2020-03-19,0,Busan,107,58,1
2020-03-19,0,Daegu,6241,1382,65
2020-03-19,0,Incheon,32,6,0
2020-03-19,0,Gwangju,17,7,0
2020-03-19,0,Daejeon,22,4,0
2020-03-19,0,Ulsan,36,9,0
2020-03-19,0,Sejong,41,0,0
2020-03-19,0,Gyeonggi-do,295,64,3
2020-03-19,0,Gangwon-do,30,9,1
2020-03-19,0,Chungcheongbuk-do,33,5,0
2020-03-19,0,Chungcheongnam-do,118,31,0
2020-03-19,0,Jeollabuk-do,10,5,0
2020-03-19,0,Jeollanam-do,5,3,0
2020-03-19,0,Gyeongsangbuk-do,1190,275,21
2020-03-19,0,Gyeongsangnam-do,86,29,0
2020-03-19,0,Jeju-do,4,2,0
2020-03-20,0,Seoul,299,64,0
2020-03-20,0,Busan,108,60,1
2020-03-20,0,Daegu,6275,1577,67
2020-03-20,0,Incheon,36,7,0
2020-03-20,0,Gwangju,18,10,0
2020-03-20,0,Daejeon,22,5,0
2020-03-20,0,Ulsan,36,11,0
2020-03-20,0,Sejong,41,0,0
2020-03-20,0,Gyeonggi-do,309,66,3
2020-03-20,0,Gangwon-do,30,10,1
2020-03-20,0,Chungcheongbuk-do,33,6,0
2020-03-20,0,Chungcheongnam-do,119,32,0
2020-03-20,0,Jeollabuk-do,10,7,0
2020-03-20,0,Jeollanam-do,5,3,0
2020-03-20,0,Gyeongsangbuk-do,1203,340,22
2020-03-20,0,Gyeongsangnam-do,87,33,0
2020-03-20,0,Jeju-do,4,2,0
2020-03-21,0,Seoul,314,64,0
2020-03-21,0,Busan,108,67,1
2020-03-21,0,Daegu,6344,1861,73
2020-03-21,0,Incheon,40,7,0
2020-03-21,0,Gwangju,18,10,0
2020-03-21,0,Daejeon,22,5,0
2020-03-21,0,Ulsan,36,11,0
2020-03-21,0,Sejong,41,2,0
2020-03-21,0,Gyeonggi-do,321,79,3
2020-03-21,0,Gangwon-do,30,12,1
2020-03-21,0,Chungcheongbuk-do,34,8,0
2020-03-21,0,Chungcheongnam-do,119,39,0
2020-03-21,0,Jeollabuk-do,10,7,0
2020-03-21,0,Jeollanam-do,5,3,0
2020-03-21,0,Gyeongsangbuk-do,1243,395,24
2020-03-21,0,Gyeongsangnam-do,87,40,0
2020-03-21,0,Jeju-do,4,2,0
2020-03-22,0,Seoul,324,64,0
2020-03-22,0,Busan,108,69,1
2020-03-22,0,Daegu,6387,2107,75
2020-03-22,0,Incheon,40,8,0
2020-03-22,0,Gwangju,19,10,0
2020-03-22,0,Daejeon,24,6,0
2020-03-22,0,Ulsan,36,12,0
2020-03-22,0,Sejong,41,3,0
2020-03-22,0,Gyeonggi-do,337,82,3
2020-03-22,0,Gangwon-do,30,13,1
2020-03-22,0,Chungcheongbuk-do,35,9,0
2020-03-22,0,Chungcheongnam-do,120,39,0
2020-03-22,0,Jeollabuk-do,10,7,0
2020-03-22,0,Jeollanam-do,6,3,0
2020-03-22,0,Gyeongsangbuk-do,1254,432,24
2020-03-22,0,Gyeongsangnam-do,88,42,0
2020-03-22,0,Jeju-do,4,3,0
2020-03-23,0,Seoul,330,64,0
2020-03-23,0,Busan,109,71,1
2020-03-23,0,Daegu,6411,2305,82
2020-03-23,0,Incheon,40,8,0
2020-03-23,0,Gwangju,19,10,0
2020-03-23,0,Daejeon,24,6,0
2020-03-23,0,Ulsan,36,17,0
2020-03-23,0,Sejong,42,3,0
2020-03-23,0,Gyeonggi-do,351,88,3
2020-03-23,0,Gangwon-do,30,14,1
2020-03-23,0,Chungcheongbuk-do,37,9,0
2020-03-23,0,Chungcheongnam-do,120,44,0
2020-03-23,0,Jeollabuk-do,10,7,0
2020-03-23,0,Jeollanam-do,6,3,0
2020-03-23,0,Gyeongsangbuk-do,1256,469,24
2020-03-23,0,Gyeongsangnam-do,89,45,0
2020-03-23,0,Jeju-do,4,3,0
2020-03-24,0,Seoul,334,72,0
2020-03-24,0,Busan,111,71,1
2020-03-24,0,Daegu,6442,2571,88
2020-03-24,0,Incheon,41,8,0
2020-03-24,0,Gwangju,19,11,0
2020-03-24,0,Daejeon,24,6,0
2020-03-24,0,Ulsan,36,18,0
2020-03-24,0,Sejong,42,3,0
2020-03-24,0,Gyeonggi-do,366,97,4
2020-03-24,0,Gangwon-do,30,14,1
2020-03-24,0,Chungcheongbuk-do,38,11,0
2020-03-24,0,Chungcheongnam-do,120,56,0
2020-03-24,0,Jeollabuk-do,10,7,0
2020-03-24,0,Jeollanam-do,6,3,0
2020-03-24,0,Gyeongsangbuk-do,1257,507,26
2020-03-24,0,Gyeongsangnam-do,90,48,0
2020-03-24,0,Jeju-do,4,4,0
2020-03-25,0,Seoul,347,72,0
2020-03-25,0,Busan,112,73,1
2020-03-25,0,Daegu,6456,2740,92
2020-03-25,0,Incheon,42,10,0
2020-03-25,0,Gwangju,19,11,0
2020-03-25,0,Daejeon,24,6,0
2020-03-25,0,Ulsan,37,19,0
2020-03-25,0,Sejong,44,3,0
2020-03-25,0,Gyeonggi-do,387,100,4
2020-03-25,0,Gangwon-do,31,15,1
2020-03-25,0,Chungcheongbuk-do,38,13,0
2020-03-25,0,Chungcheongnam-do,123,65,0
2020-03-25,0,Jeollabuk-do,10,7,0
2020-03-25,0,Jeollanam-do,8,3,0
2020-03-25,0,Gyeongsangbuk-do,1262,538,28
2020-03-25,0,Gyeongsangnam-do,90,51,0
2020-03-25,0,Jeju-do,6,4,0
2020-03-26,0,Seoul,360,80,0
2020-03-26,0,Busan,112,75,2
2020-03-26,0,Daegu,6482,3039,94
2020-03-26,0,Incheon,43,11,0
2020-03-26,0,Gwangju,19,11,0
2020-03-26,0,Daejeon,30,6,0
2020-03-26,0,Ulsan,37,20,0
2020-03-26,0,Sejong,44,8,0
2020-03-26,0,Gyeonggi-do,401,122,4
2020-03-26,0,Gangwon-do,31,18,1
2020-03-26,0,Chungcheongbuk-do,39,14,0
2020-03-26,0,Chungcheongnam-do,124,68,0
2020-03-26,0,Jeollabuk-do,10,7,0
2020-03-26,0,Jeollanam-do,8,3,0
2020-03-26,0,Gyeongsangbuk-do,1274,601,30
2020-03-26,0,Gyeongsangnam-do,90,57,0
2020-03-26,0,Jeju-do,6,4,0
2020-03-27,0,Seoul,372,89,0
2020-03-27,0,Busan,113,81,2
2020-03-27,0,Daegu,6516,3324,98
2020-03-27,0,Incheon,46,13,0
2020-03-27,0,Gwangju,20,11,0
2020-03-27,0,Daejeon,31,9,0
2020-03-27,0,Ulsan,39,20,0
2020-03-27,0,Sejong,44,9,0
2020-03-27,0,Gyeonggi-do,412,131,4
2020-03-27,0,Gangwon-do,31,20,1
2020-03-27,0,Chungcheongbuk-do,41,17,0
2020-03-27,0,Chungcheongnam-do,124,78,0
2020-03-27,0,Jeollabuk-do,10,7,0
2020-03-27,0,Jeollanam-do,8,3,0
2020-03-27,0,Gyeongsangbuk-do,1283,650,34
2020-03-27,0,Gyeongsangnam-do,91,62,0
2020-03-27,0,Jeju-do,7,4,0
2020-03-28,0,Seoul,390,93,0
2020-03-28,0,Busan,114,81,2
2020-03-28,0,Daegu,6587,3543,101
2020-03-28,0,Incheon,51,14,0
2020-03-28,0,Gwangju,20,11,0
2020-03-28,0,Daejeon,31,10,0
2020-03-28,0,Ulsan,39,19,0
2020-03-28,0,Sejong,44,9,0
2020-03-28,0,Gyeonggi-do,433,140,5
2020-03-28,0,Gangwon-do,32,20,1
2020-03-28,0,Chungcheongbuk-do,41,21,0
2020-03-28,0,Chungcheongnam-do,126,81,0
2020-03-28,0,Jeollabuk-do,10,7,0
2020-03-28,0,Jeollanam-do,8,3,0
2020-03-28,0,Gyeongsangbuk-do,1285,692,35
2020-03-28,0,Gyeongsangnam-do,91,63,0
2020-03-28,0,Jeju-do,8,4,0
2020-03-29,0,Seoul,410,93,0
2020-03-29,0,Busan,117,85,3
2020-03-29,0,Daegu,6610,3706,106
2020-03-29,0,Incheon,58,15,0
2020-03-29,0,Gwangju,20,11,0
2020-03-29,0,Daejeon,34,14,0
2020-03-29,0,Ulsan,39,19,0
2020-03-29,0,Sejong,46,11,0
2020-03-29,0,Gyeonggi-do,448,144,5
2020-03-29,0,Gangwon-do,34,21,1
2020-03-29,0,Chungcheongbuk-do,41,21,0
2020-03-29,0,Chungcheongnam-do,127,83,0
2020-03-29,0,Jeollabuk-do,12,7,0
2020-03-29,0,Jeollanam-do,9,3,0
2020-03-29,0,Gyeongsangbuk-do,1287,732,37
2020-03-29,0,Gyeongsangnam-do,94,64,0
2020-03-29,0,Jeju-do,8,4,0
2020-03-30,0,Seoul,426,92,0
2020-03-30,0,Busan,118,87,3
2020-03-30,0,Daegu,6624,3837,111
2020-03-30,0,Incheon,58,15,0
2020-03-30,0,Gwangju,20,13,0
2020-03-30,0,Daejeon,34,17,0
2020-03-30,0,Ulsan,39,19,0
2020-03-30,0,Sejong,46,12,0
2020-03-30,0,Gyeonggi-do,463,160,5
2020-03-30,0,Gangwon-do,36,21,1
2020-03-30,0,Chungcheongbuk-do,44,21,0
2020-03-30,0,Chungcheongnam-do,127,83,0
2020-03-30,0,Jeollabuk-do,13,7,0
2020-03-30,0,Jeollanam-do,9,3,0
2020-03-30,0,Gyeongsangbuk-do,1298,772,38
2020-03-30,0,Gyeongsangnam-do,95,65,0
2020-03-30,0,Jeju-do,9,4,0
2020-03-31,0,Seoul,450,107,0
2020-03-31,0,Busan,119,87,3
2020-03-31,0,Daegu,6684,3946,114
2020-03-31,0,Incheon,64,16,0
2020-03-31,0,Gwangju,20,14,0
2020-03-31,0,Daejeon,36,18,0
2020-03-31,0,Ulsan,39,19,0
2020-03-31,0,Sejong,46,12,0
2020-03-31,0,Gyeonggi-do,476,166,6
2020-03-31,0,Gangwon-do,36,23,1
2020-03-31,0,Chungcheongbuk-do,44,22,0
2020-03-31,0,Chungcheongnam-do,128,90,0
2020-03-31,0,Jeollabuk-do,13,7,0
2020-03-31,0,Jeollanam-do,9,3,0
2020-03-31,0,Gyeongsangbuk-do,1300,808,38
2020-03-31,0,Gyeongsangnam-do,96,67,0
2020-03-31,0,Jeju-do,9,3,0
2020-04-01,0,Seoul,474,117,0
2020-04-01,0,Busan,122,87,3
2020-04-01,0,Daegu,6704,4070,115
2020-04-01,0,Incheon,69,19,0
2020-04-01,0,Gwangju,24,14,0
2020-04-01,0,Daejeon,36,18,0
2020-04-01,0,Ulsan,39,20,1
2020-04-01,0,Sejong,46,12,0
2020-04-01,0,Gyeonggi-do,499,171,6
2020-04-01,0,Gangwon-do,38,23,1
2020-04-01,0,Chungcheongbuk-do,44,23,0
2020-04-01,0,Chungcheongnam-do,131,91,0
2020-04-01,0,Jeollabuk-do,14,7,0
2020-04-01,0,Jeollanam-do,12,3,0
2020-04-01,0,Gyeongsangbuk-do,1302,822,39
2020-04-01,0,Gyeongsangnam-do,100,67,0
2020-04-01,0,Jeju-do,9,3,0
2020-04-02,0,Seoul,488,127,0
2020-04-02,0,Busan,122,87,3
2020-04-02,0,Daegu,6725,4283,117
2020-04-02,0,Incheon,73,20,0
2020-04-02,0,Gwangju,25,14,0
2020-04-02,0,Daejeon,36,18,0
2020-04-02,0,Ulsan,40,21,1
2020-04-02,0,Sejong,46,12,0
2020-04-02,0,Gyeonggi-do,516,181,6
2020-04-02,0,Gangwon-do,39,23,1
2020-04-02,0,Chungcheongbuk-do,44,23,0
2020-04-02,0,Chungcheongnam-do,133,95,0
2020-04-02,0,Jeollabuk-do,14,7,0
2020-04-02,0,Jeollanam-do,14,3,0
2020-04-02,0,Gyeongsangbuk-do,1304,840,41
2020-04-02,0,Gyeongsangnam-do,106,70,0
2020-04-02,0,Jeju-do,9,3,0
2020-04-03,0,Seoul,506,131,0
2020-04-03,0,Busan,122,88,3
2020-04-03,0,Daegu,6734,4434,121
2020-04-03,0,Incheon,74,21,0
2020-04-03,0,Gwangju,26,15,0
2020-04-03,0,Daejeon,36,18,0
2020-04-03,0,Ulsan,40,21,1
2020-04-03,0,Sejong,46,12,0
2020-04-03,0,Gyeonggi-do,539,186,6
2020-04-03,0,Gangwon-do,41,23,1
2020-04-03,0,Chungcheongbuk-do,45,25,0
2020-04-03,0,Chungcheongnam-do,134,97,0
2020-04-03,0,Jeollabuk-do,15,7,0
2020-04-03,0,Jeollanam-do,15,3,0
2020-04-03,0,Gyeongsangbuk-do,1309,865,42
2020-04-03,0,Gyeongsangnam-do,107,71,0
2020-04-03,0,Jeju-do,9,3,0
2020-04-04,0,Seoul,528,144,0
2020-04-04,0,Busan,122,90,3
2020-04-04,0,Daegu,6761,4673,122
2020-04-04,0,Incheon,77,22,0
2020-04-04,0,Gwangju,26,15,0
2020-04-04,0,Daejeon,36,18,0
2020-04-04,0,Ulsan,40,24,1
2020-04-04,0,Sejong,46,15,0
2020-04-04,0,Gyeonggi-do,562,200,6
2020-04-04,0,Gangwon-do,42,23,1
2020-04-04,0,Chungcheongbuk-do,45,27,0
2020-04-04,0,Chungcheongnam-do,135,102,0
2020-04-04,0,Jeollabuk-do,15,7,0
2020-04-04,0,Jeollanam-do,15,4,0
2020-04-04,0,Gyeongsangbuk-do,1310,881,44
2020-04-04,0,Gyeongsangnam-do,108,75,0
2020-04-04,0,Jeju-do,9,4,0
2020-04-05,0,Seoul,552,145,0
2020-04-05,0,Busan,122,90,3
2020-04-05,0,Daegu,6768,4773,127
2020-04-05,0,Incheon,79,25,0
2020-04-05,0,Gwangju,27,15,0
2020-04-05,0,Daejeon,37,18,0
2020-04-05,0,Ulsan,40,27,1
2020-04-05,0,Sejong,46,15,0
2020-04-05,0,Gyeonggi-do,572,208,7
2020-04-05,0,Gangwon-do,45,24,1
2020-04-05,0,Chungcheongbuk-do,45,28,0
2020-04-05,0,Chungcheongnam-do,135,102,0
2020-04-05,0,Jeollabuk-do,16,7,0
2020-04-05,0,Jeollanam-do,15,4,0
2020-04-05,0,Gyeongsangbuk-do,1314,899,44
2020-04-05,0,Gyeongsangnam-do,109,77,0
2020-04-05,0,Jeju-do,12,4,0
2020-04-06,0,Seoul,563,151,0
2020-04-06,0,Busan,122,91,3
2020-04-06,0,Daegu,6781,4865,129
2020-04-06,0,Incheon,80,27,0
2020-04-06,0,Gwangju,27,15,0
2020-04-06,0,Daejeon,39,19,0
2020-04-06,0,Ulsan,40,27,1
2020-04-06,0,Sejong,46,17,0
2020-04-06,0,Gyeonggi-do,580,213,7
2020-04-06,0,Gangwon-do,45,23,1
2020-04-06,0,Chungcheongbuk-do,45,29,0
2020-04-06,0,Chungcheongnam-do,136,102,0
2020-04-06,0,Jeollabuk-do,16,7,0
2020-04-06,0,Jeollanam-do,15,4,0
2020-04-06,0,Gyeongsangbuk-do,1316,922,45
2020-04-06,0,Gyeongsangnam-do,111,80,0
2020-04-06,0,Jeju-do,12,4,0
2020-04-07,0,Seoul,567,164,0
2020-04-07,0,Busan,123,91,3
2020-04-07,0,Daegu,6794,4918,134
2020-04-07,0,Incheon,80,27,0
2020-04-07,0,Gwangju,27,15,0
2020-04-07,0,Daejeon,39,20,0
2020-04-07,0,Ulsan,40,28,1
2020-04-07,0,Sejong,46,17,0
2020-04-07,0,Gyeonggi-do,590,226,7
2020-04-07,0,Gangwon-do,47,24,1
2020-04-07,0,Chungcheongbuk-do,45,29,0
2020-04-07,0,Chungcheongnam-do,137,104,0
2020-04-07,0,Jeollabuk-do,16,7,0
2020-04-07,0,Jeollanam-do,15,4,0
2020-04-07,0,Gyeongsangbuk-do,1317,934,46
2020-04-07,0,Gyeongsangnam-do,112,80,0
2020-04-07,0,Jeju-do,12,4,0
2020-04-08,0,Seoul,578,169,2
2020-04-08,0,Busan,125,94,3
2020-04-08,0,Daegu,6803,4961,137
2020-04-08,0,Incheon,84,27,0
2020-04-08,0,Gwangju,27,15,0
2020-04-08,0,Daejeon,39,20,0
2020-04-08,0,Ulsan,40,28,1
2020-04-08,0,Sejong,46,14,0
2020-04-08,0,Gyeonggi-do,596,237,10
2020-04-08,0,Gangwon-do,49,24,1
2020-04-08,0,Chungcheongbuk-do,45,29,0
2020-04-08,0,Chungcheongnam-do,137,106,0
2020-04-08,0,Jeollabuk-do,17,7,0
2020-04-08,0,Jeollanam-do,15,4,0
2020-04-08,0,Gyeongsangbuk-do,1320,954,46
2020-04-08,0,Gyeongsangnam-do,113,80,0
2020-04-08,0,Jeju-do,12,4,0
2020-04-09,0,Seoul,590,174,2
2020-04-09,0,Busan,125,97,3
2020-04-09,0,Daegu,6807,5106,139
2020-04-09,0,Incheon,84,31,0
2020-04-09,0,Gwangju,27,15,0
2020-04-09,0,Daejeon,39,20,0
2020-04-09,0,Ulsan,40,28,1
2020-04-09,0,Sejong,46,16,0
2020-04-09,0,Gyeonggi-do,606,259,11
2020-04-09,0,Gangwon-do,49,24,1
2020-04-09,0,Chungcheongbuk-do,45,30,0
2020-04-09,0,Chungcheongnam-do,138,105,0
2020-04-09,0,Jeollabuk-do,17,7,0
2020-04-09,0,Jeollanam-do,15,4,0
2020-04-09,0,Gyeongsangbuk-do,1320,968,47
2020-04-09,0,Gyeongsangnam-do,115,82,0
2020-04-09,0,Jeju-do,12,4,0
2020-04-10,0,Seoul,595,185,2
2020-04-10,0,Busan,126,98,3
2020-04-10,0,Daegu,6807,5193,142
2020-04-10,0,Incheon,85,34,0
2020-04-10,0,Gwangju,27,15,0
2020-04-10,0,Daejeon,39,21,0
2020-04-10,0,Ulsan,40,28,1
2020-04-10,0,Sejong,46,20,0
2020-04-10,0,Gyeonggi-do,615,269,11
2020-04-10,0,Gangwon-do,49,26,1
2020-04-10,0,Chungcheongbuk-do,45,28,0
2020-04-10,0,Chungcheongnam-do,138,105,0
2020-04-10,0,Jeollabuk-do,17,8,0
2020-04-10,0,Jeollanam-do,15,4,0
2020-04-10,0,Gyeongsangbuk-do,1327,994,48
2020-04-10,0,Gyeongsangnam-do,115,82,0
2020-04-10,0,Jeju-do,12,4,0
2020-04-11,0,Seoul,599,195,2
2020-04-11,0,Busan,126,100,3
2020-04-11,0,Daegu,6814,5271,145
2020-04-11,0,Incheon,85,35,0
2020-04-11,0,Gwangju,27,17,0
2020-04-11,0,Daejeon,39,22,0
2020-04-11,0,Ulsan,41,30,1
2020-04-11,0,Sejong,46,20,0
2020-04-11,0,Gyeonggi-do,624,286,11
2020-04-11,0,Gangwon-do,49,26,1
2020-04-11,0,Chungcheongbuk-do,45,28,0
2020-04-11,0,Chungcheongnam-do,138,106,0
2020-04-11,0,Jeollabuk-do,17,8,0
2020-04-11,0,Jeollanam-do,15,5,0
2020-04-11,0,Gyeongsangbuk-do,1330,1004,48
2020-04-11,0,Gyeongsangnam-do,115,83,0
2020-04-11,0,Jeju-do,12,4,0
2020-04-12,0,Seoul,602,202,2
2020-04-12,0,Busan,126,103,3
2020-04-12,0,Daegu,6816,5356,146
2020-04-12,0,Incheon,86,38,0
2020-04-12,0,Gwangju,27,19,0
2020-04-12,0,Daejeon,39,23,0
2020-04-12,0,Ulsan,41,32,1
2020-04-12,0,Sejong,46,22,0
2020-04-12,0,Gyeonggi-do,628,292,12
2020-04-12,0,Gangwon-do,49,27,1
2020-04-12,0,Chungcheongbuk-do,45,29,0
2020-04-12,0,Chungcheongnam-do,139,108,0
2020-04-12,0,Jeollabuk-do,17,8,0
2020-04-12,0,Jeollanam-do,15,5,0
2020-04-12,0,Gyeongsangbuk-do,1333,1013,49
2020-04-12,0,Gyeongsangnam-do,115,84,0
2020-04-12,0,Jeju-do,12,4,0
2020-04-13,0,Seoul,610,214,2
2020-04-13,0,Busan,126,103,3
2020-04-13,0,Daegu,6819,5395,147
2020-04-13,0,Incheon,87,39,0
2020-04-13,0,Gwangju,27,19,0
2020-04-13,0,Daejeon,39,23,0
2020-04-13,0,Ulsan,41,33,1
2020-04-13,0,Sejong,46,22,0
2020-04-13,0,Gyeonggi-do,631,305,13
2020-04-13,0,Gangwon-do,49,28,1
2020-04-13,0,Chungcheongbuk-do,45,31,0
2020-04-13,0,Chungcheongnam-do,139,109,0
2020-04-13,0,Jeollabuk-do,17,8,0
2020-04-13,0,Jeollanam-do,15,6,0
2020-04-13,0,Gyeongsangbuk-do,1337,1020,50
2020-04-13,0,Gyeongsangnam-do,115,84,0
2020-04-13,0,Jeju-do,12,5,0
2020-04-14,0,Seoul,612,228,2
2020-04-14,0,Busan,126,103,3
2020-04-14,0,Daegu,6822,5440,152
2020-04-14,0,Incheon,88,42,0
2020-04-14,0,Gwangju,27,21,0
2020-04-14,0,Daejeon,39,24,0
2020-04-14,0,Ulsan,42,33,1
2020-04-14,0,Sejong,46,21,0
2020-04-14,0,Gyeonggi-do,639,313,13
2020-04-14,0,Gangwon-do,49,29,1
2020-04-14,0,Chungcheongbuk-do,45,31,0
2020-04-14,0,Chungcheongnam-do,139,113,0
2020-04-14,0,Jeollabuk-do,17,8,0
2020-04-14,0,Jeollanam-do,15,6,0
2020-04-14,0,Gyeongsangbuk-do,1342,1029,50
2020-04-14,0,Gyeongsangnam-do,115,84,0
2020-04-14,0,Jeju-do,12,5,0
2020-04-15,0,Seoul,617,239,2
2020-04-15,0,Busan,127,107,3
2020-04-15,0,Daegu,6823,5486,155
2020-04-15,0,Incheon,88,48,0
2020-04-15,0,Gwangju,28,21,0
2020-04-15,0,Daejeon,39,24,0
2020-04-15,0,Ulsan,42,33,1
2020-04-15,0,Sejong,46,21,0
2020-04-15,0,Gyeonggi-do,645,322,13
2020-04-15,0,Gangwon-do,51,27,1
2020-04-15,0,Chungcheongbuk-do,45,31,0
2020-04-15,0,Chungcheongnam-do,139,114,0
2020-04-15,0,Jeollabuk-do,17,8,0
2020-04-15,0,Jeollanam-do,15,7,0
2020-04-15,0,Gyeongsangbuk-do,1348,1035,50
2020-04-15,0,Gyeongsangnam-do,115,84,0
2020-04-15,0,Jeju-do,13,5,0
2020-04-16,0,Seoul,619,250,2
2020-04-16,0,Busan,130,111,3
2020-04-16,0,Daegu,6827,5586,158
2020-04-16,0,Incheon,88,51,0
2020-04-16,0,Gwangju,28,22,0
2020-04-16,0,Daejeon,39,25,0
2020-04-16,0,Ulsan,42,34,1
2020-04-16,0,Sejong,46,21,0
2020-04-16,0,Gyeonggi-do,649,330,14
2020-04-16,0,Gangwon-do,52,27,1
2020-04-16,0,Chungcheongbuk-do,45,34,0
2020-04-16,0,Chungcheongnam-do,139,115,0
2020-04-16,0,Jeollabuk-do,17,9,0
2020-04-16,0,Jeollanam-do,15,7,0
2020-04-16,0,Gyeongsangbuk-do,1352,1044,50
2020-04-16,0,Gyeongsangnam-do,115,82,0
2020-04-16,0,Jeju-do,13,5,0
2020-04-17,0,Seoul,621,268,2
2020-04-17,0,Busan,130,112,3
2020-04-17,0,Daegu,6827,5626,159
2020-04-17,0,Incheon,89,51,0
2020-04-17,0,Gwangju,30,22,0
2020-04-17,0,Daejeon,40,25,0
2020-04-17,0,Ulsan,42,34,1
2020-04-17,0,Sejong,46,24,0
2020-04-17,0,Gyeonggi-do,650,340,14
2020-04-17,0,Gangwon-do,52,28,1
2020-04-17,0,Chungcheongbuk-do,45,37,0
2020-04-17,0,Chungcheongnam-do,139,115,0
2020-04-17,0,Jeollabuk-do,17,9,0
2020-04-17,0,Jeollanam-do,15,7,0
2020-04-17,0,Gyeongsangbuk-do,1356,1037,50
2020-04-17,0,Gyeongsangnam-do,115,84,0
2020-04-17,0,Jeju-do,13,5,0
2020-04-18,0,Seoul,622,274,2
2020-04-18,0,Busan,130,112,3
2020-04-18,0,Daegu,6830,5685,160
2020-04-18,0,Incheon,90,55,0
2020-04-18,0,Gwangju,30,22,0
2020-04-18,0,Daejeon,39,25,0
2020-04-18,0,Ulsan,42,34,1
2020-04-18,0,Sejong,46,25,0
2020-04-18,0,Gyeonggi-do,654,361,14
2020-04-18,0,Gangwon-do,53,28,1
2020-04-18,0,Chungcheongbuk-do,45,38,0
2020-04-18,0,Chungcheongnam-do,141,119,0
2020-04-18,0,Jeollabuk-do,17,9,0
2020-04-18,0,Jeollanam-do,15,7,0
2020-04-18,0,Gyeongsangbuk-do,1358,1046,51
2020-04-18,0,Gyeongsangnam-do,116,84,0
2020-04-18,0,Jeju-do,13,6,0
2020-04-19,0,Seoul,624,288,2
2020-04-19,0,Busan,130,115,3
2020-04-19,0,Daegu,6832,5743,161
2020-04-19,0,Incheon,91,55,0
2020-04-19,0,Gwangju,30,22,0
2020-04-19,0,Daejeon,39,25,0
2020-04-19,0,Ulsan,42,34,1
2020-04-19,0,Sejong,46,29,0
2020-04-19,0,Gyeonggi-do,654,370,14
2020-04-19,0,Gangwon-do,53,28,2
2020-04-19,0,Chungcheongbuk-do,45,38,0
2020-04-19,0,Chungcheongnam-do,141,122,0
2020-04-19,0,Jeollabuk-do,17,9,0
2020-04-19,0,Jeollanam-do,15,8,0
2020-04-19,0,Gyeongsangbuk-do,1359,1057,51
2020-04-19,0,Gyeongsangnam-do,116,85,0
2020-04-19,0,Jeju-do,13,6,0
2020-04-20,0,Seoul,624,304,2
2020-04-20,0,Busan,132,115,3
2020-04-20,0,Daegu,6833,5769,163
2020-04-20,0,Incheon,92,56,0
2020-04-20,0,Gwangju,30,22,0
2020-04-20,0,Daejeon,39,26,0
2020-04-20,0,Ulsan,43,34,1
2020-04-20,0,Sejong,46,29,0
2020-04-20,0,Gyeonggi-do,656,387,14
2020-04-20,0,Gangwon-do,53,28,2
2020-04-20,0,Chungcheongbuk-do,45,38,0
2020-04-20,0,Chungcheongnam-do,141,122,0
2020-04-20,0,Jeollabuk-do,17,9,0
2020-04-20,0,Jeollanam-do,15,8,0
2020-04-20,0,Gyeongsangbuk-do,1361,1064,51
2020-04-20,0,Gyeongsangnam-do,116,87,0
2020-04-20,0,Jeju-do,13,6,0
2020-04-21,0,Seoul,626,315,2
2020-04-21,0,Busan,132,115,3
2020-04-21,0,Daegu,6835,5793,164
2020-04-21,0,Incheon,92,56,0
2020-04-21,0,Gwangju,30,22,0
2020-04-21,0,Daejeon,39,26,0
2020-04-21,0,Ulsan,43,35,1
2020-04-21,0,Sejong,46,29,0
2020-04-21,0,Gyeonggi-do,658,398,14
2020-04-21,0,Gangwon-do,53,30,2
2020-04-21,0,Chungcheongbuk-do,45,39,0
2020-04-21,0,Chungcheongnam-do,141,123,0
2020-04-21,0,Jeollabuk-do,17,9,0
2020-04-21,0,Jeollanam-do,15,8,0
2020-04-21,0,Gyeongsangbuk-do,1361,1072,51
2020-04-21,0,Gyeongsangnam-do,116,88,0
2020-04-21,0,Jeju-do,13,6,0
2020-04-22,0,Seoul,628,322,2
2020-04-22,0,Busan,134,115,3
2020-04-22,0,Daegu,6836,5827,165
2020-04-22,0,Incheon,92,57,0
2020-04-22,0,Gwangju,30,22,0
2020-04-22,0,Daejeon,40,27,0
2020-04-22,0,Ulsan,43,35,1
2020-04-22,0,Sejong,46,33,0
2020-04-22,0,Gyeonggi-do,658,404,14
2020-04-22,0,Gangwon-do,53,31,2
2020-04-22,0,Chungcheongbuk-do,45,39,0
2020-04-22,0,Chungcheongnam-do,141,122,0
2020-04-22,0,Jeollabuk-do,17,9,0
2020-04-22,0,Jeollanam-do,15,8,0
2020-04-22,0,Gyeongsangbuk-do,1363,1079,51
2020-04-22,0,Gyeongsangnam-do,117,89,0
2020-04-22,0,Jeju-do,13,8,0
2020-04-23,0,Seoul,628,342,2
2020-04-23,0,Busan,135,116,3
2020-04-23,0,Daegu,6840,5890,166
2020-04-23,0,Incheon,92,56,0
2020-04-23,0,Gwangju,30,24,0
2020-04-23,0,Daejeon,40,29,0
2020-04-23,0,Ulsan,43,36,1
2020-04-23,0,Sejong,46,34,0
2020-04-23,0,Gyeonggi-do,659,424,14
2020-04-23,0,Gangwon-do,53,31,2
2020-04-23,0,Chungcheongbuk-do,45,40,0
2020-04-23,0,Chungcheongnam-do,141,123,0
2020-04-23,0,Jeollabuk-do,17,9,0
2020-04-23,0,Jeollanam-do,15,8,0
2020-04-23,0,Gyeongsangbuk-do,1363,1091,52
2020-04-23,0,Gyeongsangnam-do,117,89,0
2020-04-23,0,Jeju-do,13,8,0
2020-04-24,0,Seoul,628,362,2
2020-04-24,0,Busan,136,116,3
2020-04-24,0,Daegu,6842,5931,166
2020-04-24,0,Incheon,92,54,0
2020-04-24,0,Gwangju,30,24,0
2020-04-24,0,Daejeon,40,30,0
2020-04-24,0,Ulsan,43,36,1
2020-04-24,0,Sejong,46,34,0
2020-04-24,0,Gyeonggi-do,660,441,14
2020-04-24,0,Gangwon-do,53,31,2
2020-04-24,0,Chungcheongbuk-do,45,40,0
2020-04-24,0,Chungcheongnam-do,141,123,0
2020-04-24,0,Jeollabuk-do,17,11,0
2020-04-24,0,Jeollanam-do,15,8,0
2020-04-24,0,Gyeongsangbuk-do,1364,1097,52
2020-04-24,0,Gyeongsangnam-do,117,91,0
2020-04-24,0,Jeju-do,13,8,0
2020-04-25,0,Seoul,629,383,2
2020-04-25,0,Busan,136,116,3
2020-04-25,0,Daegu,6845,5974,166
2020-04-25,0,Incheon,92,55,0
2020-04-25,0,Gwangju,30,25,0
2020-04-25,0,Daejeon,40,32,0
2020-04-25,0,Ulsan,43,36,1
2020-04-25,0,Sejong,46,35,0
2020-04-25,0,Gyeonggi-do,662,448,14
2020-04-25,0,Gangwon-do,53,32,2
2020-04-25,0,Chungcheongbuk-do,45,40,0
2020-04-25,0,Chungcheongnam-do,141,123,0
2020-04-25,0,Jeollabuk-do,17,10,0
2020-04-25,0,Jeollanam-do,15,8,0
2020-04-25,0,Gyeongsangbuk-do,1364,1104,52
2020-04-25,0,Gyeongsangnam-do,117,91,0
2020-04-25,0,Jeju-do,13,8,0
2020-04-26,0,Seoul,629,388,2
2020-04-26,0,Busan,137,116,3
2020-04-26,0,Daegu,6846,6018,168
2020-04-26,0,Incheon,92,57,0
2020-04-26,0,Gwangju,30,25,0
2020-04-26,0,Daejeon,40,34,0
2020-04-26,0,Ulsan,43,36,1
2020-04-26,0,Sejong,46,35,0
2020-04-26,0,Gyeonggi-do,668,463,14
2020-04-26,0,Gangwon-do,53,34,2
2020-04-26,0,Chungcheongbuk-do,45,40,0
2020-04-26,0,Chungcheongnam-do,141,123,0
2020-04-26,0,Jeollabuk-do,18,10,0
2020-04-26,0,Jeollanam-do,15,9,0
2020-04-26,0,Gyeongsangbuk-do,1364,1109,52
2020-04-26,0,Gyeongsangnam-do,117,93,0
2020-04-26,0,Jeju-do,13,7,0
2020-04-27,0,Seoul,629,393,2
2020-04-27,0,Busan,137,117,3
2020-04-27,0,Daegu,6847,6040,169
2020-04-27,0,Incheon,92,58,0
2020-04-27,0,Gwangju,30,25,0
2020-04-27,0,Daejeon,40,34,0
2020-04-27,0,Ulsan,43,36,1
2020-04-27,0,Sejong,46,35,0
2020-04-27,0,Gyeonggi-do,671,470,14
2020-04-27,0,Gangwon-do,53,35,2
2020-04-27,0,Chungcheongbuk-do,45,40,0
2020-04-27,0,Chungcheongnam-do,142,123,0
2020-04-27,0,Jeollabuk-do,18,10,0
2020-04-27,0,Jeollanam-do,15,9,0
2020-04-27,0,Gyeongsangbuk-do,1364,1114,52
2020-04-27,0,Gyeongsangnam-do,117,94,0
2020-04-27,0,Jeju-do,13,8,0
2020-04-28,0,Seoul,633,427,2
2020-04-28,0,Busan,137,116,3
2020-04-28,0,Daegu,6849,6056,170
2020-04-28,0,Incheon,93,63,0
2020-04-28,0,Gwangju,30,25,0
2020-04-28,0,Daejeon,40,35,0
2020-04-28,0,Ulsan,43,36,1
2020-04-28,0,Sejong,46,35,0
2020-04-28,0,Gyeonggi-do,674,475,14
2020-04-28,0,Gangwon-do,53,37,2
2020-04-28,0,Chungcheongbuk-do,45,40,0
2020-04-28,0,Chungcheongnam-do,142,123,0
2020-04-28,0,Jeollabuk-do,18,10,0
2020-04-28,0,Jeollanam-do,15,10,0
2020-04-28,0,Gyeongsangbuk-do,1365,1119,52
2020-04-28,0,Gyeongsangnam-do,117,97,0
2020-04-28,0,Jeju-do,13,7,0
2020-04-29,0,Seoul,633,437,2
2020-04-29,0,Busan,137,116,3
2020-04-29,0,Daegu,6852,6075,171
2020-04-29,0,Incheon,93,66,0
2020-04-29,0,Gwangju,30,26,0
2020-04-29,0,Daejeon,40,35,0
2020-04-29,0,Ulsan,43,37,1
2020-04-29,0,Sejong,46,36,0
2020-04-29,0,Gyeonggi-do,676,481,15
2020-04-29,0,Gangwon-do,53,37,2
2020-04-29,0,Chungcheongbuk-do,45,40,0
2020-04-29,0,Chungcheongnam-do,143,123,0
2020-04-29,0,Jeollabuk-do,18,10,0
2020-04-29,0,Jeollanam-do,15,10,0
2020-04-29,0,Gyeongsangbuk-do,1365,1133,52
2020-04-29,0,Gyeongsangnam-do,117,97,0
2020-04-29,0,Jeju-do,13,8,0
2020-04-30,0,Seoul,633,453,2
2020-04-30,0,Busan,137,116,3
2020-04-30,0,Daegu,6852,6144,172
2020-04-30,0,Incheon,93,68,0
2020-04-30,0,Gwangju,30,27,0
2020-04-30,0,Daejeon,40,35,0
2020-04-30,0,Ulsan,43,37,1
2020-04-30,0,Sejong,46,38,0
2020-04-30,0,Gyeonggi-do,676,486,15
2020-04-30,0,Gangwon-do,53,40,2
2020-04-30,0,Chungcheongbuk-do,45,41,0
2020-04-30,0,Chungcheongnam-do,143,127,0
2020-04-30,0,Jeollabuk-do,18,11,0
2020-04-30,0,Jeollanam-do,15,11,0
2020-04-30,0,Gyeongsangbuk-do,1365,1147,52
2020-04-30,0,Gyeongsangnam-do,117,97,0
2020-04-30,0,Jeju-do,13,8,0
2020-05-01,0,Seoul,634,455,2
2020-05-01,0,Busan,137,116,3
2020-05-01,0,Daegu,6852,6144,172
2020-05-01,0,Incheon,94,69,0
2020-05-01,0,Gwangju,30,27,0
2020-05-01,0,Daejeon,40,35,0
2020-05-01,0,Ulsan,43,37,1
2020-05-01,0,Sejong,46,39,0
2020-05-01,0,Gyeonggi-do,678,488,16
2020-05-01,0,Gangwon-do,53,40,2
2020-05-01,0,Chungcheongbuk-do,45,41,0
2020-05-01,0,Chungcheongnam-do,143,128,0
2020-05-01,0,Jeollabuk-do,18,12,0
2020-05-01,0,Jeollanam-do,15,12,0
2020-05-01,0,Gyeongsangbuk-do,1366,1149,52
2020-05-01,0,Gyeongsangnam-do,117,98,0
2020-05-01,0,Jeju-do,13,8,0
2020-05-02,0,Seoul,635,463,2
2020-05-02,0,Busan,138,117,3
2020-05-02,0,Daegu,6852,6155,174
2020-05-02,0,Incheon,95,70,0
2020-05-02,0,Gwangju,30,28,0
2020-05-02,0,Daejeon,40,36,0
2020-05-02,0,Ulsan,43,37,1
2020-05-02,0,Sejong,46,41,0
2020-05-02,0,Gyeonggi-do,678,498,16
2020-05-02,0,Gangwon-do,53,42,2
2020-05-02,0,Chungcheongbuk-do,45,41,0
2020-05-02,0,Chungcheongnam-do,143,128,0
2020-05-02,0,Jeollabuk-do,18,12,0
2020-05-02,0,Jeollanam-do,15,12,0
2020-05-02,0,Gyeongsangbuk-do,1366,1154,52
2020-05-02,0,Gyeongsangnam-do,117,99,0
2020-05-02,0,Jeju-do,13,8,0
2020-05-03,0,Seoul,637,473,2
2020-05-03,0,Busan,138,117,3
2020-05-03,0,Daegu,6856,6167,174
2020-05-03,0,Incheon,95,72,0
2020-05-03,0,Gwangju,30,28,0
2020-05-03,0,Daejeon,40,36,0
2020-05-03,0,Ulsan,43,37,1
2020-05-03,0,Sejong,46,42,0
2020-05-03,0,Gyeonggi-do,680,510,16
2020-05-03,0,Gangwon-do,53,43,2
2020-05-03,0,Chungcheongbuk-do,45,42,0
2020-05-03,0,Chungcheongnam-do,143,128,0
2020-05-03,0,Jeollabuk-do,18,12,0
2020-05-03,0,Jeollanam-do,15,12,0
2020-05-03,0,Gyeongsangbuk-do,1366,1165,52
2020-05-03,0,Gyeongsangnam-do,117,100,0
2020-05-03,0,Jeju-do,13,8,0
2020-05-04,0,Seoul,637,481,2
2020-05-04,0,Busan,138,117,3
2020-05-04,0,Daegu,6856,6177,174
2020-05-04,0,Incheon,96,72,0
2020-05-04,0,Gwangju,30,28,0
2020-05-04,0,Daejeon,40,36,1
2020-05-04,0,Ulsan,44,37,1
2020-05-04,0,Sejong,46,44,0
2020-05-04,0,Gyeonggi-do,681,515,16
2020-05-04,0,Gangwon-do,53,42,2
2020-05-04,0,Chungcheongbuk-do,45,42,0
2020-05-04,0,Chungcheongnam-do,143,128,0
2020-05-04,0,Jeollabuk-do,18,12,0
2020-05-04,0,Jeollanam-do,16,12,0
2020-05-04,0,Gyeongsangbuk-do,1366,1173,53
2020-05-04,0,Gyeongsangnam-do,117,101,0
2020-05-04,0,Jeju-do,13,8,0
2020-05-05,0,Seoul,637,489,2
2020-05-05,0,Busan,138,117,3
2020-05-05,0,Daegu,6856,6199,176
2020-05-05,0,Incheon,97,71,0
2020-05-05,0,Gwangju,30,28,0
2020-05-05,0,Daejeon,40,36,1
2020-05-05,0,Ulsan,44,38,1
2020-05-05,0,Sejong,46,45,0
2020-05-05,0,Gyeonggi-do,681,518,16
2020-05-05,0,Gangwon-do,53,42,2
2020-05-05,0,Chungcheongbuk-do,45,42,0
2020-05-05,0,Chungcheongnam-do,143,128,0
2020-05-05,0,Jeollabuk-do,18,12,0
2020-05-05,0,Jeollanam-do,16,12,0
2020-05-05,0,Gyeongsangbuk-do,1366,1186,53
2020-05-05,0,Gyeongsangnam-do,117,102,0
2020-05-05,0,Jeju-do,13,8,0
2020-05-06,0,Seoul,637,494,2
2020-05-06,0,Busan,138,119,3
2020-05-06,0,Daegu,6856,6217,177
2020-05-06,0,Incheon,97,72,0
2020-05-06,0,Gwangju,30,28,0
2020-05-06,0,Daejeon,40,38,1
2020-05-06,0,Ulsan,44,37,1
2020-05-06,0,Sejong,46,45,0
2020-05-06,0,Gyeonggi-do,681,525,16
2020-05-06,0,Gangwon-do,53,42,2
2020-05-06,0,Chungcheongbuk-do,45,42,0
2020-05-06,0,Chungcheongnam-do,143,128,0
2020-05-06,0,Jeollabuk-do,18,12,0
2020-05-06,0,Jeollanam-do,16,12,0
2020-05-06,0,Gyeongsangbuk-do,1366,1190,53
2020-05-06,0,Gyeongsangnam-do,117,104,0
2020-05-06,0,Jeju-do,13,12,0
2020-05-07,0,Seoul,637,508,2
2020-05-07,0,Busan,138,120,3
2020-05-07,0,Daegu,6856,6249,178
2020-05-07,0,Incheon,97,72,0
2020-05-07,0,Gwangju,30,28,0
2020-05-07,0,Daejeon,41,38,1
2020-05-07,0,Ulsan,44,37,1
2020-05-07,0,Sejong,46,45,0
2020-05-07,0,Gyeonggi-do,682,538,16
2020-05-07,0,Gangwon-do,53,42,2
2020-05-07,0,Chungcheongbuk-do,46,42,0
2020-05-07,0,Chungcheongnam-do,143,128,0
2020-05-07,0,Jeollabuk-do,18,14,0
2020-05-07,0,Jeollanam-do,16,12,0
2020-05-07,0,Gyeongsangbuk-do,1366,1198,53
2020-05-07,0,Gyeongsangnam-do,117,105,0
2020-05-07,0,Jeju-do,13,12,0
2020-05-08,0,Seoul,637,520,2
2020-05-08,0,Busan,140,123,3
2020-05-08,0,Daegu,6859,6277,178
2020-05-08,0,Incheon,97,75,0
2020-05-08,0,Gwangju,30,28,0
2020-05-08,0,Daejeon,41,38,1
2020-05-08,0,Ulsan,44,37,1
2020-05-08,0,Sejong,46,45,0
2020-05-08,0,Gyeonggi-do,684,538,16
2020-05-08,0,Gangwon-do,53,41,2
2020-05-08,0,Chungcheongbuk-do,47,41,0
2020-05-08,0,Chungcheongnam-do,143,130,0
2020-05-08,0,Jeollabuk-do,19,14,0
2020-05-08,0,Jeollanam-do,16,12,0
2020-05-08,0,Gyeongsangbuk-do,1366,1206,53
2020-05-08,0,Gyeongsangnam-do,117,105,0
2020-05-08,0,Jeju-do,13,12,0
2020-05-09,0,Seoul,649,536,2
2020-05-09,0,Busan,141,125,3
2020-05-09,0,Daegu,6859,6306,178
2020-05-09,0,Incheon,98,78,0
2020-05-09,0,Gwangju,30,29,0
2020-05-09,0,Daejeon,41,38,1
2020-05-09,0,Ulsan,44,38,1
2020-05-09,0,Sejong,46,45,0
2020-05-09,0,Gyeonggi-do,688,548,16
2020-05-09,0,Gangwon-do,53,41,2
2020-05-09,0,Chungcheongbuk-do,47,41,0
2020-05-09,0,Chungcheongnam-do,143,133,0
2020-05-09,0,Jeollabuk-do,19,14,0
2020-05-09,0,Jeollanam-do,16,12,0
2020-05-09,0,Gyeongsangbuk-do,1366,1215,53
2020-05-09,0,Gyeongsangnam-do,117,107,0
2020-05-09,0,Jeju-do,13,13,0
2020-05-10,0,Seoul,663,541,2
2020-05-10,0,Busan,141,125,3
2020-05-10,0,Daegu,6861,6318,178
2020-05-10,0,Incheon,101,80,0
2020-05-10,0,Gwangju,30,30,0
2020-05-10,0,Daejeon,41,38,1
2020-05-10,0,Ulsan,44,38,1
2020-05-10,0,Sejong,46,45,0
2020-05-10,0,Gyeonggi-do,694,556,16
2020-05-10,0,Gangwon-do,53,41,2
2020-05-10,0,Chungcheongbuk-do,49,42,0
2020-05-10,0,Chungcheongnam-do,143,133,0
2020-05-10,0,Jeollabuk-do,19,14,0
2020-05-10,0,Jeollanam-do,16,12,0
2020-05-10,0,Gyeongsangbuk-do,1366,1220,53
2020-05-10,0,Gyeongsangnam-do,117,108,0
2020-05-10,0,Jeju-do,14,13,0
2020-05-11,0,Seoul,683,545,2
2020-05-11,0,Busan,141,125,3
2020-05-11,0,Daegu,6861,6318,178
2020-05-11,0,Incheon,104,82,0
2020-05-11,0,Gwangju,30,30,0
2020-05-11,0,Daejeon,41,38,1
2020-05-11,0,Ulsan,44,38,1
2020-05-11,0,Sejong,47,45,0
2020-05-11,0,Gyeonggi-do,698,557,16
2020-05-11,0,Gangwon-do,54,41,2
2020-05-11,0,Chungcheongbuk-do,52,42,0
2020-05-11,0,Chungcheongnam-do,143,134,0
2020-05-11,0,Jeollabuk-do,19,14,0
2020-05-11,0,Jeollanam-do,16,12,0
2020-05-11,0,Gyeongsangbuk-do,1366,1228,53
2020-05-11,0,Gyeongsangnam-do,117,110,0
2020-05-11,0,Jeju-do,14,13,0
2020-05-12,0,Seoul,695,554,2
2020-05-12,0,Busan,141,125,3
2020-05-12,0,Daegu,6862,6331,179
2020-05-12,0,Incheon,105,82,0
2020-05-12,0,Gwangju,30,30,0
2020-05-12,0,Daejeon,43,38,1
2020-05-12,0,Ulsan,44,40,1
2020-05-12,0,Sejong,47,45,0
2020-05-12,0,Gyeonggi-do,706,559,16
2020-05-12,0,Gangwon-do,54,41,2
2020-05-12,0,Chungcheongbuk-do,52,42,0
2020-05-12,0,Chungcheongnam-do,143,136,0
2020-05-12,0,Jeollabuk-do,19,14,0
2020-05-12,0,Jeollanam-do,16,12,0
2020-05-12,0,Gyeongsangbuk-do,1367,1230,54
2020-05-12,0,Gyeongsangnam-do,118,112,0
2020-05-12,0,Jeju-do,14,12,0
2020-05-13,0,Seoul,707,558,3
2020-05-13,0,Busan,144,126,3
2020-05-13,0,Daegu,6865,6322,179
2020-05-13,0,Incheon,107,86,0
2020-05-13,0,Gwangju,30,30,0
2020-05-13,0,Daejeon,43,38,1
2020-05-13,0,Ulsan,45,41,1
2020-05-13,0,Sejong,47,46,0
2020-05-13,0,Gyeonggi-do,708,563,16
2020-05-13,0,Gangwon-do,54,42,2
2020-05-13,0,Chungcheongbuk-do,52,43,0
2020-05-13,0,Chungcheongnam-do,143,138,0
2020-05-13,0,Jeollabuk-do,20,14,0
2020-05-13,0,Jeollanam-do,16,12,0
2020-05-13,0,Gyeongsangbuk-do,1367,1231,54
2020-05-13,0,Gyeongsangnam-do,119,113,0
2020-05-13,0,Jeju-do,14,12,0
2020-05-14,0,Seoul,711,564,4
2020-05-14,0,Busan,144,127,3
2020-05-14,0,Daegu,6865,6349,179
2020-05-14,0,Incheon,119,85,0
2020-05-14,0,Gwangju,30,30,0
2020-05-14,0,Daejeon,43,39,1
2020-05-14,0,Ulsan,45,41,1
2020-05-14,0,Sejong,47,46,0
2020-05-14,0,Gyeonggi-do,714,577,16
2020-05-14,0,Gangwon-do,55,43,2
2020-05-14,0,Chungcheongbuk-do,55,43,0
2020-05-14,0,Chungcheongnam-do,144,138,0
2020-05-14,0,Jeollabuk-do,20,14,0
2020-05-14,0,Jeollanam-do,17,13,0
2020-05-14,0,Gyeongsangbuk-do,1368,1237,54
2020-05-14,0,Gyeongsangnam-do,119,114,0
2020-05-14,0,Jeju-do,14,12,0